Name,IsFirstName,IsLastName,Occurance
A.J.,1,0,8
Aamir,1,0,1
Aaron,0,1,1
Aaron,1,0,13
Abayomi,1,0,1
Abba,1,0,1
Abdou,1,0,1
Abdoulaye,1,0,1
Abdul,1,0,3
Abdullah,0,1,2
Abdulsalam,0,1,1
Abdur,0,1,1
Abu,1,0,1
Achiuwa,0,1,1
Acquaah,0,1,1
Acuff,0,1,1
Acunzo,0,1,1
Adam,1,0,5
Adams,0,1,1
Adaway,0,1,1
Addison,1,0,1
Adebayo,0,1,1
Adel,0,1,1
Adelsperger,0,1,1
Adewunmi,0,1,1
Adger,0,1,1
Adheke,0,1,1
Admiral,1,0,1
Admon,1,0,1
Ado,0,1,1
Adonis,1,0,1
Adonys,1,0,1
Adrease,1,0,1
Adrian,1,0,1
Adrien,1,0,1
Adrio,1,0,1
Aflakpui,0,1,1
Agau,0,1,1
Agba,0,1,1
Agbaji,0,1,1
Agbo,0,1,1
Agbonkpolo,0,1,1
Agosto,0,1,1
Aguir,1,0,1
Agunanne,0,1,1
Ahmaad,1,0,1
Ahmad,0,1,1
Ahmad,1,0,3
Ahmed,1,0,1
Ahrens,0,1,2
Ahron,1,0,1
Aidan,1,0,1
Aiken,0,1,2
AJ,1,0,3
Ajang,0,1,1
Ajayi,0,1,1
Ajiri,1,0,1
Ajogbor,0,1,1
Akabueze,0,1,1
Akanno,0,1,1
Akec,0,1,1
Akenten,0,1,1
Akingbola,0,1,1
Akinjo,0,1,1
Ako,1,0,1
Akok,0,1,1
Akok,1,0,1
Akol,1,0,1
Akot,0,1,1
Akowovo,0,1,1
Aku,0,1,1
Al,1,0,1
Al-Amir,1,0,1
Alan,1,0,1
Alani,1,0,1
Alanzo,1,0,1
Alberts,0,1,1
Aldridge,0,1,1
Alec,1,0,2
Aleem,1,0,1
Alex,1,0,13
Alexander,0,1,1
Alexis,1,0,1
Alfred,1,0,1
Algevon,1,0,1
Ali,0,1,1
Ali Abdur,0,1,1
Alibegovic,0,1,1
Alize,1,0,1
Aljami,1,0,1
Alkins,0,1,1
Allante,1,0,1
Allen,0,1,1
Allen,1,0,1
Alley,0,1,1
Allonzo,1,0,1
Allsmiller,0,1,1
Alonzo,1,0,3
Alou,1,0,1
Alpha,1,0,1
Alphonso,1,0,1
Alston,0,1,1
Alterique,1,0,1
Alvarado,0,1,1
Alvarez,0,1,1
Alyn,1,0,1
Amadou,1,0,1
Amaefule,0,1,1
Amani,1,0,1
Amanze,1,0,2
Amari,1,0,1
Amarveer,1,0,1
Amauri,1,0,1
Ambrose,0,1,1
Amir,1,0,3
Amound,1,0,1
Anas,1,0,1
Anders,1,0,1
Anderson,0,1,1
Anderson,1,0,1
Andre,1,0,10
Andreas,1,0,1
Andres,1,0,1
Andrew,0,1,1
Andrew,1,0,8
Andrews,0,1,2
Anei,0,1,1
Anfernee,1,0,2
Angel,1,0,1
Anigbogu,0,1,1
Anim,0,1,1
Antavion,1,0,1
Antetokounmpo,0,1,1
Anthony,0,1,2
Anthony,1,0,21
Anticevich,0,1,1
Antoine,0,1,1
Antoine,1,0,1
Anton,1,0,2
Antonio,1,0,4
Antwan,1,0,5
Antwann,1,0,1
Anunoby,0,1,2
Anwar,1,0,1
Anyang,1,0,1
April,0,1,1
Ar'Mond,1,0,1
Arashma,1,0,1
Archie,0,1,1
Arcidiacono,0,1,1
Aric,1,0,1
Arinze,1,0,1
Aristide,1,0,1
Arlauskas,0,1,1
Armaan,1,0,1
Armando,1,0,1
Armani,1,0,1
Armoni,1,0,1
Armstrong,0,1,1
Arnaldo,1,0,1
Arnold,0,1,1
Arogundade,0,1,1
Arop,0,1,1
Artison,0,1,1
Asa,1,0,2
Asante,1,0,1
Asanti,1,0,1
Ash,0,1,1
Ashton,0,1,1
Ashton,1,0,1
Assane,1,0,1
Atkinson,0,1,1
Atson,0,1,1
Au'Diese,1,0,1
Aubrey,1,0,1
Audige,0,1,1
August,1,0,1
Augustin,0,1,1
Austin,0,1,4
Austin,1,0,15
Avea,0,1,1
Averette,0,1,1
Avery,0,1,1
Avery,1,0,4
Ayah,0,1,1
Ayala,0,1,1
Ayo,1,0,1
Ayton,0,1,1
Azubuike,0,1,1
B.J.,1,0,4
Babatunde,1,0,1
Babb,0,1,1
Bacon,0,1,1
Bacot,0,1,1
Baddley,0,1,1
Badocchi,0,1,1
Bagley,0,1,2
Bailey,0,1,6
Bain,0,1,2
Bajema,0,1,1
Bakari,1,0,1
Bakary,1,0,1
Baker,0,1,8
Baldwin,0,1,5
Ball,0,1,3
Ballard,0,1,1
Ballo,0,1,1
Ballock,0,1,1
Balsa,1,0,2
Bam,1,0,1
Bamba,0,1,1
Bamisile,0,1,1
Banks,0,1,5
Banton,0,1,1
Baptiste,0,1,1
Bar,0,1,1
Barber,0,1,1
Barcello,0,1,1
Barefield,0,1,1
Barford,0,1,1
Barkley,0,1,2
Barlow,0,1,1
Barnes,0,1,1
Barnett,0,1,1
Barret,1,0,1
Barrett,0,1,1
Barry,0,1,1
Barry,1,0,1
Barthelemy,0,1,1
Bartley,0,1,1
Baruti,0,1,1
Bas,1,0,1
Bassett,0,1,1
Bassey,0,1,2
Bates,0,1,1
Battey,0,1,1
Battin,0,1,1
Battle,0,1,3
Batts,0,1,1
Baucum,0,1,1
Baugh,0,1,1
Baumann,0,1,1
Baxter,0,1,2
Bayron,1,0,1
Bazley,0,1,1
Beane,0,1,2
Bear,1,0,1
Beard,0,1,2
Bearden,0,1,1
Beasley,0,1,2
Beatty,0,1,1
Beauchamp,0,1,1
Beaufort,0,1,1
Beck,0,1,1
Bede,0,1,1
Bediako,0,1,1
Beekman,0,1,1
Bell,0,1,3
Belquist,0,1,1
Belt,0,1,1
Ben,1,0,7
Bender,0,1,1
Benjamin,0,1,1
Benjamin,1,0,1
Benkert,0,1,1
Benlevi,0,1,1
Bennett,0,1,2
Bennie,1,0,2
Benson,0,1,2
Bentil,0,1,1
Beran,0,1,1
BeReal,0,1,1
Bernard,0,1,1
Bernard,1,0,1
Bernardo,1,0,1
Berrick,1,0,1
Berry,0,1,3
Bertolette,0,1,1
Bertram,0,1,1
Berwick,0,1,1
Bess,0,1,1
Beverly,0,1,2
Bey,0,1,3
Bezhanishvili,0,1,1
Bibbins,0,1,1
Bibbs,0,1,1
Bibby,0,1,1
Bickerstaff,0,1,1
Bickham,0,1,1
Bieniemy,0,1,1
Bijiek,0,1,1
Billy,1,0,2
Bingham,0,1,1
Bishop,0,1,4
Bishop,1,0,1
Bitumba,1,0,1
Bizeau,0,1,1
Black,0,1,3
Blackmon,0,1,1
Blackshear Jr,0,1,1
Blacksher,0,1,1
Blackwell,0,1,2
Blair,0,1,2
Blaise,1,0,1
Blake,0,1,1
Blake,1,0,4
Blakeney,0,1,1
Blakney,0,1,1
Blanton,0,1,1
Blount,0,1,1
Bluiett,0,1,1
Blumbergs,0,1,1
Bo,1,0,1
Boatwright,0,1,3
Bobby,1,0,1
Boeheim,0,1,1
Bohannon,0,1,1
Bol,0,1,1
Bol,1,0,2
Bol Ajak,0,1,1
Bolden,0,1,4
Bolton,0,1,1
Bonds,0,1,2
Bone,0,1,1
Bonner,0,1,1
Bonton,0,1,1
Bonzie,1,0,1
Boogie,1,0,1
Booker,0,1,1
Boone,0,1,3
Booth,0,1,1
Bostick,0,1,1
Boston,0,1,1
Both,1,0,1
Boubacar,1,0,3
Boucher,0,1,1
Boudreaux,0,1,1
Bouknight,0,1,1
Boum,0,1,1
Bourama,1,0,1
Bowden,0,1,1
Bowen,0,1,1
Bowie,0,1,1
Bowling,0,1,1
Bowman,0,1,2
Bowser,0,1,1
Boya,0,1,1
Boyce,0,1,1
Boyd,0,1,4
Boykins,0,1,2
Bracey,0,1,1
Brachen,1,0,1
Brad,1,0,2
Braden,1,0,1
Bradford,0,1,1
Bradley,0,1,2
Bradley,1,0,2
Bradshaw,0,1,1
Brady,1,0,5
Bragg,0,1,1
Brailen,1,0,1
Brajkovic,0,1,1
Brakefield,0,1,1
Braley,0,1,1
Branden,1,0,1
Brandon,1,0,27
Brandone,1,0,1
Brantly,1,0,1
Braswell,0,1,1
Braun,0,1,2
Braxton,1,0,6
Brayboy,0,1,1
Brazdeikis,0,1,1
Brechting,0,1,1
Breed,0,1,1
Breein,1,0,1
Brekkott,1,0,1
Brenchley,0,1,1
Brendan,1,0,3
Brenden,1,0,1
Brennan,0,1,1
Brennan,1,0,1
Brent,0,1,1
Brett,1,0,1
Brevin,1,0,1
Brewer,0,1,2
Brian,1,0,3
Brice,0,1,2
Brice,1,0,1
Bridges,0,1,4
Briggs,0,1,1
Brion,1,0,1
Brisco,0,1,1
Briscoe,0,1,1
Brison,1,0,1
Brissett,0,1,1
Broadnax,0,1,1
Brock,1,0,5
Broddie,0,1,1
Brodeur,0,1,1
Brodie,0,1,1
Brodricks,1,0,1
Bronson,1,0,1
Brookins,0,1,1
Brooks,0,1,8
Broughton,0,1,1
Brown,0,1,32
Bruce,0,1,1
Bruce,1,0,2
Bruner,0,1,2
Brunk,0,1,1
Bruno,1,0,1
Brunson,0,1,1
Bryan,1,0,5
Bryant,0,1,3
Bryant,1,0,2
Bryce,1,0,15
Brycen,1,0,1
Bryson,1,0,1
Buay,1,0,1
Buckingham,0,1,1
Buddy,1,0,1
Buffen,0,1,1
Buford,0,1,1
Buggs,0,1,1
Buie,0,1,2
Bujdoso,0,1,1
Bul,1,0,1
Bullock,0,1,1
Bumbalough,0,1,1
Bunch,0,1,1
Bunting,0,1,1
Burgess,0,1,1
Burkhart,0,1,1
Burnett,0,1,3
Burnette,0,1,1
Burns,0,1,2
Burrell,0,1,2
Burton,0,1,3
Butler,0,1,4
Buttrick,0,1,1
Butts,0,1,2
Butz,0,1,1
Bye,0,1,1
Bynum,0,1,1
Byrd,0,1,1
C.J.,1,0,10
Cade,1,0,2
Caffaro,0,1,1
Cage,0,1,1
Cain,0,1,2
Calcaterra,0,1,1
Caldwell,0,1,3
Cale,0,1,1
Caleb,1,0,15
Calhoun,0,1,1
Calip,0,1,1
Calixte,0,1,1
Calloo,0,1,1
Calvin,1,0,1
Cam,1,0,1
Cam'Ron,1,0,1
Camara,0,1,1
Cameron,0,1,2
Cameron,1,0,16
Campbell,0,1,4
Camron,1,0,1
Cannady,0,1,1
Caraher,0,1,1
Cardwell,0,1,1
Carey,0,1,2
Carl,1,0,1
Carlisle,0,1,1
Carlo,1,0,1
Carlos,0,1,1
Carlos,1,0,4
Carlson,0,1,2
Carlton,0,1,1
Carlton,1,0,1
Carmichael,0,1,1
Carmody,0,1,1
Carr,0,1,4
Carriere,0,1,1
Carrington,0,1,1
Carrington,1,0,1
Carry,0,1,1
Carsen,1,0,1
Carson,1,0,2
Carte'Are,1,0,1
Carter,0,1,11
Carter,1,0,1
Cartier,1,0,1
Carton,0,1,1
Cartwright,0,1,2
Carvacho,0,1,1
Carver,0,1,1
Casey,1,0,4
Cashaw,0,1,1
Cashius,1,0,1
Cassius,1,0,2
Castaneda,0,1,1
Castleton,0,1,1
Catchings,0,1,1
Catto,0,1,1
Cedric,1,0,1
Cedrick,1,0,1
Cekovsky,0,1,1
Chad,1,0,3
Chai,1,0,1
Chambers,0,1,6
Champagnie,0,1,1
Chance,1,0,3
Chandler,0,1,1
Chandler,1,0,4
Chaney,0,1,1
Chang,0,1,1
Chanse,1,0,1
Chaplin,0,1,1
Chapman,0,1,1
Chappell,0,1,1
Char Chuol,0,1,1
Chargois,0,1,1
Charles,0,1,1
Charles,1,0,7
Charlie,1,0,2
Charvon,1,0,1
Chase,1,0,6
Chatfield,0,1,1
Chatman,0,1,2
Chauca,0,1,1
Chauncey,1,0,1
Chaundee,1,0,1
Chaz,1,0,1
Che,1,0,1
Cheatham,0,1,2
Cheick,1,0,1
Cheickna,1,0,2
Cheikh,1,0,1
Cherry,0,1,1
Chibuzo,1,0,1
Chidom,0,1,1
Childress,0,1,1
Childs,0,1,1
Chimezie,1,0,2
Chinanu,1,0,1
Chiozza,0,1,1
Chol,1,0,1
Chris,1,0,33
Chriss,0,1,1
Christ,1,0,1
Christian,1,0,23
Christion,1,0,1
Christmas,0,1,1
Christopher,0,1,1
Chuba,1,0,1
Chuck,1,0,1
Chukwu,0,1,1
Chukwuebuka,1,0,1
Chuma,1,0,1
Church,0,1,1
Chyree,1,0,1
Ciaran,1,0,1
Cimino,0,1,1
CJ,1,0,5
Clarance,0,1,1
Clarence,0,1,1
Clareth,0,1,1
Clark,0,1,7
Clarke,0,1,2
Clashon,1,0,1
Claxton,0,1,1
Clayton,0,1,1
Clayton,1,0,2
Clergeot,0,1,1
Clerkley,0,1,1
Clevon,1,0,1
Cliff,1,0,1
Clifford,1,0,1
Clifton,1,0,1
Cline,0,1,1
Clover,0,1,1
Clyde,1,0,1
Cobb,0,1,2
Cobie,1,0,1
Coby,1,0,1
Cochran,0,1,1
Cockburn,0,1,1
Cody,1,0,4
Cofer,0,1,1
Coffey,0,1,1
Cohen,0,1,1
Cohill,0,1,1
Cokley,0,1,1
Colbey,1,0,1
Colby,1,0,1
Cole,0,1,2
Cole,1,0,4
Coleman,0,1,2
Coleman,1,0,1
Coles,0,1,1
Colimerio,0,1,1
Colin,1,0,2
Colley,0,1,1
Collier,0,1,2
Collin,1,0,4
Collins,0,1,7
Collinsworth,0,1,1
Collum,0,1,1
Colson,0,1,1
Colton,1,0,1
Comanche,0,1,1
Commander,0,1,1
Conditt,0,1,1
Cone,0,1,1
Conley,0,1,1
Connor,1,0,8
Conway,0,1,1
Cook,0,1,4
Cooper,0,1,3
Cooper,1,0,2
Copeland,0,1,1
Corbin,0,1,1
Cordell,1,0,1
Corey,1,0,7
Cormac,1,0,1
Cornish,0,1,1
Corprew,0,1,1
Cosby,0,1,1
Cotton,0,1,1
Cottrell,0,1,1
Couisnard,0,1,1
Coulibaly,0,1,2
Council,0,1,1
Council IV,0,1,1
Coupet,0,1,1
Courtney,1,0,2
Cousinard,0,1,1
Covington,0,1,1
Cowan,0,1,2
Cox,0,1,1
Cozart,0,1,1
Crabtree,0,1,1
Craig,0,1,1
Craig,1,0,3
Cramer,0,1,1
Crawford,0,1,1
Crisler,0,1,1
Crisp,0,1,1
Crockrell,0,1,1
Crosby,0,1,2
Cross,0,1,2
Crouch,0,1,1
Crowe,0,1,1
Crowfield,0,1,1
Crowley,0,1,1
Crump,0,1,1
Crutcher,0,1,1
Crutchfield,0,1,1
Crute,0,1,1
Cryer,0,1,1
Cudd,0,1,1
Cullen,1,0,1
Culver,0,1,2
Cumberland,0,1,1
Cummings,0,1,1
Cunliffe,0,1,1
Cunningham,0,1,4
Curbelo,0,1,1
Currie,0,1,3
Curry,0,1,4
Curtis,0,1,2
Curtis,1,0,5
Custer,0,1,1
Cuyler,1,0,1
Cylla,0,1,1
Cyril,1,0,1
Cyrus,0,1,1
D.J.,1,0,10
D'Andre,1,0,2
D'Angelo,1,0,2
D'Marco,1,0,1
D'Marcus,1,0,1
D'Mitrik,1,0,1
D'Shawn,1,0,1
Da Silva,0,1,3
Da'Monte,1,0,1
Daejon,1,0,1
Daeshon,1,0,1
Dahl,0,1,1
Dahmir,1,0,1
Dailey,0,1,1
Dain,1,0,1
Dainja,0,1,1
Daishen,1,0,1
Dajour,1,0,2
Dajuan,1,0,1
DaJuan,1,0,1
Dakota,1,0,4
Dalano,1,0,1
Dalen,1,0,1
Dallas,0,1,1
Dallion,1,0,1
Dalton,0,1,1
Dalton,1,0,3
Damari,1,0,2
Damerius,1,0,1
Damezi,1,0,1
Damian,1,0,1
Damien,1,0,1
Damion,1,0,2
Damiyne,1,0,1
Damon,1,0,2
Damontrae,1,0,1
Dan,1,0,1
Dana,1,0,1
Dandridge,0,1,1
Dane,1,0,2
Daniel,1,0,9
Daniels,0,1,3
Daniil,1,0,1
Danjel,1,0,1
Danny,1,0,1
Dante,0,1,1
Dante,1,0,4
Dantez,1,0,1
Daouda,1,0,1
Daquan,1,0,1
DaQuan,1,0,1
Darian,1,0,1
Darien,1,0,1
Darin,1,0,1
Darion,1,0,1
Darious,1,0,1
Darius,1,0,14
Darling,0,1,1
Darlinstone,1,0,1
Darnell,1,0,2
Daron,1,0,2
Darrell,1,0,2
Darren,1,0,1
Darrian,1,0,1
Darrick,1,0,1
Darron,1,0,1
Darryl,1,0,1
DaShawn,1,0,1
Dashawn,1,0,1
Dastrup,0,1,1
Datcher,0,1,1
Davaris,1,0,1
Dave,1,0,1
Davell,1,0,1
David,0,1,1
David,1,0,20
Davide,1,0,1
Davion,1,0,3
Davis,0,1,1
Davison,0,1,1
Davon,1,0,1
Davontae,1,0,1
Davonte,1,0,2
Dawes,0,1,1
Dawkins,0,1,1
Dawson,0,1,1
Dawson,1,0,1
Daxter,1,0,1
Day,0,1,1
Day'Ron,1,0,1
Daylen,1,0,1
Days,0,1,2
Dayten,1,0,1
Dazon,1,0,1
De La Rosa,0,1,1
De Sousa,0,1,1
De'Aaron,1,0,1
De'Andre,1,0,1
De'Anthony,1,0,1
De'Monte,1,0,1
De'Riante,1,0,1
De'Ron,1,0,1
De'Sean,1,0,1
De'Vion,1,0,1
De'Vondre,1,0,1
Dean,0,1,1
Dean,1,0,1
DeAndre,1,0,2
Deandre,1,0,2
DeAngelo,1,0,1
DeAntoni,1,0,1
Dearon,1,0,1
DeAundrae,1,0,1
Deavion,1,0,1
DeBerry,0,1,1
Decardo,1,0,1
Dedric,1,0,2
DeGray,0,1,1
Deion,1,0,1
Deividas,1,0,1
Deivon,1,0,1
Dejan,1,0,1
DeJon,1,0,1
Dejounte,1,0,1
DeJulius,0,1,1
Delaire,0,1,1
Delaney,0,1,1
Delante,1,0,1
DeLaurier,0,1,1
Delgado,0,1,1
Deloach,0,1,1
Deloney,0,1,1
Delonte,1,0,1
Delshon,1,0,2
Demarius,1,0,1
Demarr,1,0,1
Dembele,0,1,1
Demery,0,1,1
Demetrius,1,0,3
Demuth,0,1,1
Deng,0,1,1
Deng,1,0,3
Denis,1,0,1
Dennis,0,1,1
Dennis,1,0,1
Deontay,1,0,1
Derek,1,0,4
Dereon,1,0,1
Dererk,1,0,1
Derric,1,0,1
Derrick,1,0,8
Derrickson,0,1,1
Derrik,1,0,1
Derryck,1,0,1
Deschon,1,0,1
DeShang,1,0,1
DeShaun,1,0,1
Deshawn,1,0,1
Desi,1,0,2
Desmond,1,0,1
Desrosiers,0,1,1
Desure,1,0,1
Detrick,1,0,1
Deuce,1,0,1
Devante,1,0,2
Devearl,1,0,1
Develle,1,0,1
Devenir,1,0,1
Devin,1,0,10
Devoe,0,1,1
DeVoe,0,1,1
Devon,1,0,6
Devonaire,1,0,1
Devontae,1,0,1
Devonte,1,0,5
Dew,0,1,1
Dewan,1,0,1
Dexter,1,0,2
Deyonta,1,0,1
Dhamir,1,0,1
Diagne,0,1,1
Diakite,0,1,2
Diallo,0,1,7
Diamond,1,0,1
Diane,0,1,2
Diante,1,0,2
Diarra,0,1,4
Diawara,0,1,1
Dickens,0,1,1
Dickerson,0,1,1
Dickinson,0,1,1
Diedhiou,0,1,1
Diener,0,1,1
Dieonte,1,0,1
Dike,0,1,1
Dikembe,1,0,1
Dikymbe,1,0,1
Dillard,0,1,2
Dillon,0,1,1
Dillon,1,0,2
Dima,1,0,1
Dimencio,1,0,1
Dimingus,1,0,1
Dinero,1,0,1
Dinsmore,0,1,1
Dinwiddie,0,1,1
Dion,1,0,1
Diontae,1,0,1
Diouf,0,1,1
Dishon,1,0,1
Disu,0,1,1
DiVincenzo,0,1,1
Dixon,0,1,1
Dixson,0,1,1
DJ,1,0,7
Djery,1,0,1
Djogo,0,1,1
Djonkam,0,1,1
Djuan,1,0,1
Dmitri,1,0,1
Doakes,0,1,1
Doby,0,1,1
Doc,1,0,1
Dockery,0,1,1
Doherty,0,1,2
Dolezaj,0,1,1
Dom,1,0,1
Domantas,1,0,1
Domask,0,1,1
Dominic,1,0,3
Dominick,1,0,1
Dominiq,1,0,1
Dominique,1,0,2
Donald,1,0,1
Donaldson,0,1,1
Donatas,1,0,1
Donaven,1,0,1
Dondre,1,0,1
Donnie,1,0,1
Donovan,1,0,8
Donovann,1,0,1
Donta,1,0,2
Dontaie,1,0,1
Dontarius,1,0,1
Dontay,1,0,1
Donte,1,0,4
Doolittle,0,1,1
Doomes,0,1,1
Doorson,0,1,1
Doral,1,0,1
Dorian,1,0,1
Dorn,0,1,1
Dorsey,0,1,4
Dort,0,1,1
Dos Anjos,0,1,1
Dosunmu,0,1,1
Dotson,0,1,1
Doucoure,0,1,1
Doughty,0,1,1
Douglas,0,1,2
Doumbia,0,1,1
Doutrive,0,1,2
Dowtin,0,1,1
Dowuona,0,1,2
Doyle,0,1,1
Dozier,0,1,1
Dragovic,0,1,1
Drake,1,0,1
Drame,0,1,1
Dread,0,1,1
Drew,0,1,1
Drew,1,0,8
Drinnon,0,1,1
Dru,1,0,1
Drue,1,0,1
Drumgoole,0,1,1
Duane,1,0,1
Duarte,0,1,1
Dubar,0,1,1
Dudley,1,0,1
Dugan,0,1,1
Duke,0,1,1
Duling,0,1,1
Duncan,0,1,3
Duncan,1,0,1
Dunham,0,1,1
Dunlap,0,1,1
Dunn,0,1,1
Dupree,1,0,1
Dure,0,1,1
Durham,0,1,3
Durr,0,1,1
Duruisseau,0,1,1
Duruji,0,1,1
Dusan,1,0,2
Duval,0,1,1
Duvall,0,1,2
Dwayne,1,0,5
Dwon,1,0,1
Dylan,1,0,7
Dyllan,1,0,1
Dziagwa,0,1,1
E.J.,1,0,2
E'torrion,1,0,1
Eaddy,0,1,1
Earl,1,0,1
Earlington,0,1,1
Early,0,1,1
Easley,0,1,1
Eason,0,1,1
Eastern,0,1,1
Ebenezer,1,0,1
Eboigbodin,0,1,1
Ebuka,1,0,1
Economou,0,1,1
Ed,1,0,2
Eddie,1,0,5
Eden,1,0,1
Edmond,1,0,1
Edward,1,0,2
Edwards,0,1,9
Egekeze,0,1,1
Eggleston,0,1,1
Egi,0,1,1
Eichelberger,0,1,2
EJ,1,0,3
Ejike,1,0,1
Eke,0,1,2
Ekiyor,0,1,1
Ekwu,0,1,1
El-Amin,0,1,1
Elafayette,1,0,1
Elbert,1,0,1
Eli,1,0,3
Elias,1,0,3
Eliel,1,0,1
Elijah,1,0,17
Elisha,1,0,1
Elizjah,1,0,1
Elleby,0,1,1
Ellenson,0,1,1
Ellingson,0,1,1
Elliott,0,1,1
Elliott,1,0,2
Ellis,0,1,4
Ellison,0,1,1
Elmore,0,1,1
Elston,1,0,1
Emanuel,1,0,1
Emarius,1,0,1
Embery,0,1,1
Emmanuel,1,0,10
Emmitt,1,0,3
Enaruna,0,1,1
Enechionyia,0,1,1
Enoch,0,1,1
Enoh,0,1,1
Epperson,0,1,1
Epps,0,1,2
Eric,1,0,15
Erickson,0,1,1
Erik,1,0,1
Ernest,1,0,1
Ernie,1,0,2
Ernst,0,1,1
Eron,1,0,1
Esa,1,0,1
Escobar,0,1,1
Essam,1,0,1
Estime,0,1,1
Ethan,1,0,7
Etherington,0,1,1
Etienne,0,1,1
Eubanks,0,1,2
Eugene,1,0,2
Evan,1,0,10
Evans,0,1,9
Evelyn,0,1,1
Everett,1,0,1
Ewing,0,1,1
Eyassu,1,0,1
Eyman,0,1,1
Eze,0,1,1
Ezekiel,1,0,1
Ezewiro,0,1,1
Ezikpe,0,1,1
Fabian,1,0,1
Fagan,0,1,1
Fairrow,0,1,1
Fall,0,1,1
Falslev,0,1,1
Falzon,0,1,1
Famouke Doumbia,0,1,1
Farabello,0,1,1
Farley,0,1,1
Farrakhan,0,1,1
Farrell,0,1,1
Fatai,1,0,1
Faulds,0,1,1
Faulkner,0,1,1
Fazekas,0,1,1
Feazell,0,1,1
Febres,0,1,1
Federico,1,0,1
Felder,0,1,2
Felipe,1,0,1
Felix,1,0,1
Feliz,0,1,1
Felton,0,1,1
Ferguson,0,1,2
Fernandes,0,1,1
Fernando,0,1,1
Feron,1,0,1
Figueroa,0,1,1
Figures,0,1,2
Filip,1,0,1
Finch,0,1,1
Finke,0,1,2
Fisher,0,1,1
Fitts,0,1,1
Fitzgerald,0,1,1
Fitzmorris,0,1,1
Fitzner,0,1,1
Fitzpatrick,0,1,1
Flagg,0,1,1
Flanigan,0,1,1
Fleming,0,1,3
Fletcher,0,1,1
Flo,1,0,1
Flomo,0,1,1
Flory,0,1,2
Flowers,0,1,2
Floyd,0,1,1
Flynn,0,1,1
Flynn,1,0,1
Forbes,0,1,3
Ford,0,1,3
Fore,0,1,1
Foreman,0,1,1
Fornes,0,1,1
Forrest,0,1,1
Forrester,0,1,1
Foster,0,1,5
Foster,1,0,1
Fousseyni,1,0,1
Fowler,0,1,1
Fox,0,1,1
Francesco,1,0,1
Francis,0,1,3
Francis,1,0,2
Francisco,0,1,1
Francisco,1,0,2
Frank,0,1,1
Frank,1,0,2
Frankie,1,0,2
Franklin,0,1,4
Franklin,1,0,1
Franks,0,1,1
Fraser,0,1,1
Frayer,0,1,1
Frazier,0,1,4
Fred,1,0,2
Frederic,1,0,1
Fredrick,0,1,1
Freedman,0,1,1
Freeman,0,1,1
Freemantle,0,1,1
French,0,1,1
Freudenberg,0,1,1
Friday,0,1,1
Frink,0,1,1
Froling,0,1,2
Fulkerson,0,1,1
Fuller,0,1,4
Fultz,0,1,1
Funderburk,0,1,1
Funk,0,1,2
Gabe,1,0,4
Gabriel,0,1,1
Gach,0,1,1
Gaffney,0,1,3
Gafford,0,1,1
Gage,0,1,1
Gaines,0,1,3
Gak,0,1,2
Galen,1,0,2
Galin,1,0,1
Galloway,0,1,1
Galuppo,0,1,1
Gamble,0,1,1
Gambrell,0,1,1
Gant,0,1,1
Gantt,0,1,1
Garang,0,1,1
Garcia,0,1,2
Gardner,0,1,2
Garff,0,1,1
Garland,0,1,2
Garner,0,1,1
Garnett,0,1,1
Garrett,0,1,3
Garrett,1,0,3
Garrison,1,0,1
Gary,0,1,1
Gary,1,0,3
Garza,0,1,1
Gaskin,0,1,1
Gaston,1,0,1
Gates,0,1,1
Gavin,1,0,3
Geben,0,1,1
Gebrewhit,0,1,1
Gelon,0,1,1
Geo,1,0,1
George,0,1,1
George,1,0,2
Georgios,1,0,1
Gerald,1,0,3
Germany,0,1,1
Gerron,1,0,1
Gianni,1,0,1
Gibbs,0,1,1
Gibson,0,1,1
Gibson,1,0,1
Giddens,0,1,1
Giga,0,1,1
Gilbert,0,1,2
Gilder,0,1,1
Giles,0,1,2
Gilgeous,0,1,1
Gill,0,1,1
Gillespie,0,1,1
Gillis,0,1,2
Gilmore,0,1,2
Gilyard,0,1,2
Giordan,1,0,1
Giorgi,1,0,1
Gipson,0,1,1
Girard,0,1,1
Gist,0,1,1
Gittens,0,1,1
Givens,0,1,1
Gjerde,0,1,1
Gladney,0,1,1
Gligorije,1,0,1
Glover,0,1,2
Glynn,1,0,1
Goanar,1,0,1
Godwin,0,1,1
Golden,0,1,2
Golden,1,0,1
Goldwire,0,1,1
Goloman,0,1,1
Gomes,0,1,1
Gomez,0,1,1
Good,0,1,1
Goode,0,1,1
Goodin,0,1,1
Goodine,0,1,1
Goodluck,1,0,1
Goodnews,1,0,1
Goodwin,0,1,2
Gordon,0,1,9
Gorener,0,1,1
Gorjok,1,0,1
Gosier,0,1,1
Goss,0,1,1
Govan,0,1,1
Grady,0,1,1
Graham,0,1,3
Grandstaff,0,1,1
Grant,0,1,1
Grant,1,0,12
Grantham,0,1,1
Graves,0,1,2
Gravett,0,1,1
Gray,0,1,2
Grayson,1,0,3
Green,0,1,13
Greer,0,1,1
Greg,1,0,11
Gregory,0,1,2
Gregory,1,0,1
Gresham,0,1,1
Griffin,0,1,9
Grill,0,1,1
Grimes,0,1,2
Guerrero,0,1,1
Guerrier,0,1,1
Guest,0,1,1
Gueye,0,1,3
Gultekin,0,1,1
Gunn,0,1,1
Gustys,0,1,1
Guy,0,1,1
Gwynn,0,1,1
Gyorgy,1,0,1
Haanif,1,0,1
Haarms,0,1,1
Haas,0,1,1
Haase,0,1,1
Habwe,0,1,1
Hachimura,0,1,1
Hackett,0,1,1
Hagans,0,1,1
Hakim,1,0,1
Hales,0,1,1
Haley,0,1,1
Haliburton,0,1,1
Hall,0,1,10
Hameir,1,0,1
Hamidou,1,0,1
Hamilton,0,1,8
Hamm,0,1,1
Hammond,0,1,2
Hammonds,0,1,3
Hampton,0,1,2
Hands,0,1,1
Haney,0,1,1
Hankins,0,1,1
Hannes,1,0,1
Hannibal,0,1,1
Happ,0,1,1
Hardaway,0,1,1
Harden,0,1,1
Harding,0,1,2
Hardnett,0,1,2
Hardy,0,1,2
Harge,0,1,1
Hargrove,0,1,1
Harler,0,1,1
Harlond,1,0,1
Harmon,0,1,1
Harold,1,0,1
Harper,0,1,2
Harrar,0,1,1
Harrell,0,1,1
Harris,0,1,1
Harris,1,0,1
Harrison,0,1,1
Harrison,1,0,2
Harry,1,0,2
Hart,0,1,3
Hartwell,0,1,1
Harvell,0,1,1
Harvey,0,1,3
Harwell,0,1,1
Hasahn,1,0,1
Hasan,1,0,1
Haskett,0,1,1
Hassan,1,0,2
Hassani,1,0,1
Hastings,0,1,1
Hatton,0,1,1
Hauser,0,1,2
Hawkins,0,1,3
Haws,0,1,1
Hawthorne,0,1,1
Hayden,1,0,1
Hayes,0,1,2
Hayward,0,1,1
Haywood,0,1,1
Hazen,0,1,2
Hazzard,0,1,1
Healy,0,1,1
Heath,0,1,2
Hedgepeth,0,1,1
Hedstrom,0,1,1
Hefner,0,1,1
Heidegger,0,1,1
Heiman,0,1,1
Hein,0,1,1
Heldt,0,1,1
Hellems,0,1,1
Hemenway,0,1,1
Hemmings,0,1,1
Hemphill,0,1,1
Hemsley,0,1,2
Henderson,0,1,5
Henriquez,0,1,1
Henry,0,1,1
Henry,1,0,4
Henson,0,1,1
Hepa,0,1,1
Herard,0,1,1
Herb,1,0,1
Herbert,1,0,1
Herman,1,0,1
Hernandez,0,1,1
Heron,0,1,1
Herro,0,1,1
Hervey,0,1,1
Hester,0,1,1
Hewitt,0,1,2
Hickman,0,1,1
Hicks,0,1,2
Higgs,0,1,1
Hightower,0,1,1
Hill,0,1,9
Hines,0,1,1
Hinson,0,1,1
Hinton,0,1,1
Hluchoweckyj,0,1,1
Hoard,0,1,1
Hobbs,0,1,1
Hodgson,0,1,1
Hogg,0,1,1
Hoggard,0,1,1
Holba,0,1,2
Holder,0,1,1
Holiday,0,1,1
Hollander,0,1,1
Hollingsworth,0,1,1
Hollins,0,1,1
Hollis,0,1,1
Holloway,0,1,1
Holman,0,1,2
Holston,0,1,2
Holt,0,1,1
Holtzclaw,0,1,1
Honor,0,1,1
Hooks,0,1,1
Hopkins,0,1,2
Horace,1,0,1
Horne,0,1,3
Horton,0,1,1
House,0,1,1
Houston,0,1,1
Howard,0,1,6
Howard,1,0,1
Hubb,0,1,1
Hudson,0,1,2
Hueitt,0,1,1
Huerter,0,1,1
Huff,0,1,1
Huffman,0,1,2
Huggins,0,1,1
Hughes,0,1,5
Hugley,0,1,1
Humphrey,0,1,1
Humphries,0,1,1
Hunt,0,1,2
Hunte,0,1,1
Hunter,0,1,8
Hunter,1,0,6
Hurley,0,1,1
Hurt,0,1,2
Hurtado,0,1,1
Hutchins,0,1,1
Hutchison,0,1,1
Hutton,0,1,2
Hyder,0,1,1
Hyland,0,1,1
Hymes,0,1,1
Hymon,0,1,1
Hyron,1,0,1
Ian,1,0,5
Ibi,1,0,1
Ibiezugbe,0,1,1
Ibrahim,1,0,1
Ibrahima,1,0,2
Ice,1,0,1
Idan,1,0,1
Idehen,0,1,1
Idrissa,1,0,1
Iduwe,0,1,1
Igbanu,0,1,1
Igiehon,0,1,1
Ignas,1,0,2
Igohoefe,0,1,1
Ike,1,0,3
Ikenna,1,0,1
Ilegomah,0,1,1
Illikainen,0,1,1
Immanuel,1,0,3
Ingoli,0,1,1
Ingraham,0,1,1
Ingram,0,1,2
Ings,0,1,1
Ira,1,0,1
Irshad,1,0,1
Isaac,0,1,2
Isaac,1,0,11
Isabell,0,1,1
Isaiah,1,0,44
Isaih,1,0,1
Ishmael,1,0,2
Isiah,1,0,3
Isiaih,1,0,1
Ismael,1,0,2
Isom,1,0,1
Israel,1,0,1
Issa,1,0,2
Issac,1,0,1
Ivan,1,0,1
Ivanauskas,0,1,1
Iverson,0,1,1
Iverson,1,0,1
Ivery,0,1,1
Ivey,0,1,1
Iwowari,0,1,1
Iwuakor,0,1,1
Iyiola,0,1,1
Izay,0,1,1
Izundu,0,1,1
J.J.,1,0,3
J.P.,1,0,2
J'Raan,1,0,1
J'Wan,1,0,1
Ja'Michael,1,0,1
Ja'Mon,1,0,1
Ja'Quan,1,0,1
Ja'Queze,1,0,1
Jabari,1,0,3
Jabri,1,0,2
Jack,1,0,9
Jackie,1,0,1
Jackson,0,1,1
Jackson,1,0,3
Jacob,1,0,9
Jacobi,1,0,2
Jacobs,0,1,2
Jacobs Yaffa,0,1,1
Jacobson,0,1,1
Jacolby,1,0,1
Jacquez,1,0,1
Jacquil,1,0,1
Jade,1,0,1
Jaden,1,0,7
Jadon,1,0,1
Jadrian,1,0,1
Jae'Sean,1,0,1
Jaedon,1,0,1
Jaelen,1,0,1
Jaelin,1,0,2
Jaelyn,1,0,1
Jaemyn,1,0,1
Jagan,1,0,1
Jahari,1,0,1
Jahcobi,1,0,1
Jahlil,1,0,2
Jahmal,1,0,2
Jahmar,1,0,1
Jahmir,1,0,1
Jahmius,1,0,1
Jahshire,1,0,1
Jahvon,1,0,2
Jaiden,1,0,1
Jailen,1,0,1
Jaime,1,0,1
Jair,1,0,2
Jairus,1,0,1
Jaizec,1,0,1
Jake,1,0,10
JaKeenan,1,0,1
Jakobe,1,0,1
Jakolby,1,0,1
Jakov,1,0,1
Jakub,1,0,1
Jal,1,0,1
Jalek,1,0,1
Jalen,1,0,38
Jallow,0,1,1
Jalon,1,0,1
Jalone,1,0,1
Jalyn,1,0,2
Jamaine,1,0,1
Jamal,1,0,10
Jamall,1,0,2
Jamari,1,0,2
Jamarius,1,0,1
Jamarko,1,0,1
Jamel,1,0,1
James,0,1,6
James,1,0,13
JaMichael,1,0,1
Jamie,1,0,2
Jamil,1,0,2
Jamille,1,0,1
Jamir,1,0,3
Jamon,1,0,1
Jamuni,1,0,1
Jankovic,0,1,1
Jantunen,0,1,1
January,0,1,1
Japhet,0,1,1
Jaquan,1,0,1
JaQuel,1,0,1
Jaquez,0,1,1
JaQuori,1,0,1
Jared,1,0,11
Jaren,1,0,2
Jarod,1,0,1
Jaron,1,0,1
Jarreau,0,1,1
Jarred,1,0,3
Jarren,1,0,1
Jarrett,1,0,2
Jarrey,1,0,1
Jarrod,1,0,1
Jarron,1,0,2
Jarvis,0,1,1
Jarvis,1,0,4
Jase,1,0,1
Jasey,0,1,1
Jashaun,1,0,1
Jason,1,0,4
Jatrious,1,0,1
Javian,1,0,1
Javin,1,0,1
Javis,1,0,1
Javon,1,0,5
Javonni,1,0,1
Javonte,1,0,1
Jawaun,1,0,1
Jawun,1,0,1
Jax,1,0,1
Jaxon,1,0,2
Jaxson,1,0,2
Jay,1,0,6
Jay Chandler,0,1,1
Jayce,1,0,1
Jaycson,1,0,1
Jayden,1,0,3
Jaykwon,1,0,1
Jaylan,1,0,1
Jaylen,1,0,14
Jaylin,1,0,2
Jaylon,1,0,1
JayQuan,1,0,1
Jayson,1,0,1
Jayvon,1,0,1
JC,1,0,2
Jean,0,1,1
JeanLouis,0,1,1
Jeantal,1,0,1
Jeenathan,1,0,1
Jeff,1,0,6
Jefferson,0,1,2
Jeffrey,1,0,1
Jeffries,0,1,1
Jemarl,1,0,1
Jemison,0,1,1
Jenifer,0,1,1
Jenkins,0,1,2
Jerald,1,0,1
Jerekius,1,0,1
Jerelle,1,0,1
Jeremiah,1,0,7
Jeremie,1,0,1
Jeremy,1,0,5
Jeriah,1,0,1
Jericho,1,0,1
Jericole,1,0,1
Jermaine,1,0,6
Jermontae,1,0,1
Jerome,0,1,1
Jerome,1,0,3
Jerrick,1,0,1
Jerry,1,0,1
Jesse,1,0,5
Jessie,1,0,1
Jeter,0,1,1
Jethro,1,0,1
Jevon,1,0,1
Jhaylon,1,0,1
Jhivvan,1,0,1
Jibri,1,0,1
Jihaun,1,0,1
Jimbo,1,0,2
Jimerson,0,1,1
Jimmy,1,0,5
Jitoboh,0,1,1
JJ,1,0,2
Joe,0,1,1
Joe,1,0,11
Joel,1,0,5
Joey,1,0,5
John,0,1,2
John,1,0,18
John-Michael,1,0,1
Johnathan,1,0,1
Johnnie,1,0,3
Johnny,1,0,3
Johns,0,1,1
Johnson,0,1,1
Joiner,0,1,1
JoJo,1,0,3
Jolly,0,1,2
Jon,1,0,5
Jonah,1,0,2
Jonathan,1,0,10
Jones,0,1,38
Joniah,1,0,1
Jontay,1,0,1
Jordan,0,1,1
Jordan,1,0,50
Jordon,1,0,2
Jordy,1,0,1
Jordyn,1,0,1
Jorgenson,0,1,1
Jose,1,0,1
Joseph,0,1,2
Joseph,1,0,4
Josh,1,0,32
Joshua,1,0,5
Josiah,1,0,1
Josip,1,0,1
Jourdan,1,0,1
Jovan,1,0,2
JT,1,0,1
Juhwan,1,0,1
Jules,1,0,1
Julian,1,0,3
Julien,0,1,2
Julien,1,0,1
Julius,1,0,2
Junior,1,0,1
Junub,1,0,1
Justice,0,1,3
Justice,1,0,4
Justin,1,0,44
Justise,1,0,1
Justyn,1,0,2
Juwan,1,0,4
Juzang,0,1,2
Jyare,1,0,1
K.D.,1,0,1
K.J.,1,0,4
K.K.,1,0,1
Kabadyundi,0,1,1
Kabellis,0,1,1
Kabengele,0,1,1
Kabongo,0,1,1
Kaden,1,0,2
Kadin,1,0,1
Kahari,1,0,1
Kahlil,1,0,2
Kahron,1,0,1
Kai,1,0,2
Kaifes,0,1,1
Kain,1,0,1
Kaiser,1,0,1
Kaison,1,0,1
Kale,1,0,1
Kaleb,1,0,4
Kalib,1,0,1
Kalif,1,0,1
Kalina,0,1,1
Kalscheur,0,1,1
Kalu,1,0,1
Kamaka,1,0,1
Kamar,1,0,1
Kamari,1,0,1
Kamau,1,0,1
Kameron,1,0,2
Kane,0,1,1
Kane,1,0,1
Kante,0,1,1
Kapita,0,1,1
Kaputo,0,1,1
Kareem,1,0,1
Karim,1,0,1
Karl,1,0,2
Karrington,1,0,1
Kasatkin,0,1,1
Kasongo,0,1,1
Kassim,1,0,1
Kassoum,1,0,1
Kasubke,0,1,1
Kavonte,1,0,1
Keaton,1,0,1
Kedrick,1,0,1
Keefe,0,1,1
Keenan,1,0,2
Keeshawn,1,0,1
Kegler,0,1,1
Keion,1,0,1
Keita,0,1,2
Keita,1,0,1
Keith,0,1,1
Keith,1,0,7
Kejuan,1,0,1
Kelan,1,0,1
Kelby,1,0,1
Keldon,1,0,1
Kell,0,1,1
Kellan,1,0,1
Kelly,0,1,4
Kelly,1,0,1
Kelton,1,0,1
Kemp,0,1,1
Kendal,1,0,1
Kendall,1,0,2
Kendric,1,0,1
Kennard,0,1,1
Kennedy,0,1,2
Kenneth,1,0,2
Kenney,0,1,1
Kenny,1,0,3
Kent,0,1,1
Kentrell,1,0,1
Kentrevious,1,0,1
Kenyon,1,0,1
Kenyontae,1,0,1
Kenzo,1,0,1
Keon,1,0,3
Keondre,1,0,2
Keonte,1,0,1
Kern,0,1,1
Kerry,1,0,1
Kerwin,1,0,2
Keshad,1,0,1
Keshawn,1,0,1
Kessinger,0,1,1
Kessler,0,1,1
Kessler,1,0,1
Kevarrius,1,0,1
KeVaughn,1,0,1
Kevin,1,0,14
Kevion,1,0,1
Kevon,1,0,1
Key,0,1,3
Keylan,1,0,1
Keyontae,1,0,1
Keys,0,1,1
Keyser,0,1,1
Keyshaun,1,0,1
KeyShawn,1,0,1
Keyshawn,1,0,4
Kezo,1,0,1
Khaalid,0,1,1
Khadeem,1,0,1
Khadeen,1,0,1
Khadim,1,0,2
Khalea,1,0,1
Khaleem,1,0,1
Khalid,1,0,1
Khalif,1,0,1
Khalil,1,0,3
Khari,1,0,1
Khavon,1,0,1
Khwan,1,0,1
Khy,1,0,1
Khyree,1,0,1
Khyri,1,0,1
Kiapway,0,1,1
Kieran,1,0,1
Kigab,0,1,1
Kihei,1,0,1
Kiir,0,1,1
Killeya,0,1,1
Killian,1,0,1
Kimani,1,0,1
Kimble,0,1,1
King,0,1,10
King,1,0,1
Kingsley,1,0,1
Kipper,1,0,1
Kira,1,0,1
Kirby,0,1,2
Kirk,0,1,1
Kirkwood,0,1,1
Kispert,0,1,1
Kisunas,0,1,1
Kithcart,0,1,1
Kithier,0,1,1
Kiyon,1,0,1
Kiyron,1,0,1
KJ,1,0,2
Klatsky,0,1,1
Klay,1,0,1
Knapper,0,1,1
Knell,0,1,1
Knox,0,1,1
Kobe,1,0,6
Kobi,1,0,1
Kobie,1,0,1
Koby,1,0,2
Koch,0,1,1
Koch,1,0,1
Kodi,1,0,1
Kody,1,0,1
Kodye,1,0,1
Kofi,1,0,1
Kohl,0,1,1
Koka,0,1,1
Kolby,1,0,1
Koloko,0,1,1
Konate,0,1,2
Kone,0,1,1
Kopp,0,1,2
Koprivica,0,1,1
Koran,1,0,1
Korita,0,1,1
Korn,0,1,1
Kory,1,0,1
Kostas,1,0,1
Kotsar,0,1,1
Kouat,1,0,1
Koumadje,0,1,1
Kountz,0,1,1
Koureissi,0,1,2
Kovacevic,0,1,1
Kozinski,0,1,1
Kpedi,0,1,1
Kpegeol,0,1,1
Kraljevic,0,1,1
Kramer,0,1,1
Kriener,0,1,1
Kris,1,0,2
Kristers,1,0,1
Kristian,1,0,2
Kroft,0,1,1
Krutwig,0,1,1
Kuany,0,1,1
Kuany,1,0,1
Kuenstling,0,1,1
Kuiper,0,1,1
Kukic,0,1,1
Kupsas,0,1,1
Kuzma,0,1,1
KVonn,1,0,1
Kwe,1,0,1
Ky,1,0,1
KyKy,1,0,1
Kyle,1,0,10
Kyler,1,0,1
Kylon,1,0,1
Kyman,0,1,1
Kymani,1,0,1
Kyree,1,0,1
Kyron,1,0,1
KZ,1,0,1
L.J.,1,0,3
Labissiere,0,1,1
LaChance,0,1,1
LaDamean,1,0,1
Ladarien,1,0,1
LaDarius,1,0,1
Ladarius,1,0,1
Lagerald,1,0,1
Lahat,1,0,1
Lamar,1,0,3
LaMarcus,1,0,1
Lamarr,1,0,1
Lamb,0,1,1
LaMelo,1,0,1
Lamine,1,0,1
Lammers,0,1,1
Lamont,1,0,2
Lamonte,1,0,2
Lamontray,1,0,1
Lampkin,0,1,1
Lance,1,0,4
Landers,0,1,1
Landers,1,0,1
Landon,1,0,1
Landrum,0,1,1
Landry,1,0,1
Lane,0,1,1
Lang,0,1,1
Langborg,0,1,1
Langevine,0,1,1
Langford,0,1,3
Langley,0,1,2
Lankford,0,1,1
LaQuill,1,0,1
Lard,0,1,1
LaRond,1,0,1
Larrier,0,1,1
Larry,1,0,2
Larsen,0,1,1
Laszewski,0,1,1
Lat,1,0,1
Lathon,0,1,2
Latin,1,0,1
Latravian,1,0,1
Lattin,0,1,1
Laurent,0,1,1
Lauri,1,0,1
Lavar,1,0,1
Lavender,0,1,1
Law,0,1,1
Lawal,0,1,1
Lawrence,0,1,3
Lawson,0,1,4
Lawson,1,0,1
Layssard,0,1,1
Laytwan,1,0,1
Leaf,0,1,1
Leaky,1,0,1
Leal,0,1,1
LeBlanc,0,1,1
Lecesne,0,1,1
Lecque,0,1,1
LeDee,0,1,1
Ledlum,0,1,1
Lee,0,1,8
Leech,0,1,1
Legend,1,0,1
Leggett,0,1,1
Leland,1,0,1
Lemmie,1,0,1
Leon,1,0,1
Leonard,1,0,1
Leonardo,1,0,1
LePear,1,0,1
Leron,1,0,1
Leroy,1,0,1
Lester,1,0,1
Letcher,0,1,1
Level,0,1,1
Leveque,0,1,1
Levi,1,0,3
Levitch,0,1,1
Lewis,0,1,9
Lewis,1,0,2
Leyte,0,1,1
Li,0,1,1
Liam,1,0,1
LiAngelo,1,0,1
Liddell,0,1,2
Lieberman,0,1,1
Lightfoot,0,1,1
Likekele,0,1,1
Lindell,1,0,1
Linder,0,1,1
Lindo,0,1,1
Lindsey,0,1,3
Lindsey,1,0,1
Lindy,1,0,1
Link,1,0,1
Listau,0,1,1
Little,0,1,4
Littlejohn,0,1,1
Littles,0,1,1
Livers,0,1,1
LJ,1,0,1
Llewellyn,0,1,1
Lloyd,0,1,1
Lloyd,1,0,1
Lock,0,1,1
Locke,0,1,1
Lockett,0,1,1
Locksley,0,1,1
Locure,0,1,1
Lodge,0,1,1
Logan,0,1,1
Logan,1,0,3
Logwood,0,1,1
Lohner,0,1,1
Lomax,0,1,1
London,0,1,2
Lonergan,0,1,1
Long,0,1,5
Lonnie,1,0,1
Lonzo,1,0,1
Looney,0,1,1
Lopez,0,1,1
Lorca,0,1,1
Loren,1,0,1
Loring,0,1,1
Lorne,1,0,2
Lorng,0,1,1
Lott,0,1,1
Lottie,0,1,1
Lou,1,0,1
Louis,1,0,1
Lourawls,1,0,1
Lovan,0,1,1
Love,0,1,3
Loveday,0,1,1
LoVett,0,1,1
Lowe,0,1,1
Lowell,0,1,1
Loyer,0,1,1
Lubin,0,1,1
Lucas,0,1,2
Lucas,1,0,3
Luguentz,1,0,1
Luis,1,0,3
Luka,1,0,4
Lukas,1,0,1
Luke,1,0,5
Lull,0,1,2
Lundy,0,1,1
Lutete,0,1,1
Luther,0,1,1
Luther,1,0,1
Luwane,1,0,1
Lydon,0,1,1
Lykes,0,1,1
Lyle,0,1,1
Lyles,0,1,1
Lynch,0,1,1
Lynn,1,0,1
Lyrik,1,0,2
M.J.,1,0,2
Mabor,1,0,1
Mac,1,0,1
MacDougall,0,1,1
Maceo,1,0,1
Maciej,1,0,1
MaCio,1,0,1
Mack,0,1,4
Mack,1,0,1
Macura,0,1,1
Maddox,0,1,1
Mading,0,1,2
Madut,1,0,1
Mady,1,0,1
MaGee,0,1,1
Mahamadou,1,0,1
Mahmoud,0,1,1
Mahoney,0,1,1
Maik,1,0,1
Maishe,1,0,1
Maitland,0,1,1
Majak,0,1,2
Majok,1,0,1
Majur,1,0,1
Maka,1,0,1
Makai,1,0,2
Makani,1,0,1
Maker,0,1,3
Makhel,1,0,1
Makhi,1,0,1
Makhtar,1,0,1
Makinde,1,0,1
Makol,1,0,1
Makur,1,0,1
Malachi,1,0,4
Malcolm,1,0,3
Malek,1,0,2
Maliek,1,0,1
Malik,1,0,21
Malik Abu,0,1,1
Mallers,0,1,1
Mamadi,1,0,1
Mamadou,1,0,2
Mamoudou,1,0,1
Mamukelashvili,0,1,1
Manderson,0,1,1
Manek,0,1,1
Manigault,0,1,1
Manley,0,1,1
Mann,0,1,3
Mannion,0,1,1
Manny,1,0,1
Mansel,0,1,1
Manuel,0,1,3
Manzi,0,1,1
Mar,0,1,1
Marberry,0,1,1
Marble,0,1,2
Marcanvis,1,0,1
Marcedus,1,0,1
Marcellus,1,0,1
Marco,1,0,2
Marcus,1,0,22
Marek,1,0,1
Marfo,0,1,1
Marial,0,1,1
Marial,1,0,2
Marijan,0,1,1
Mario,1,0,4
MarJon,1,0,1
Mark,0,1,1
Mark,1,0,6
Markeese,1,0,1
Markell,1,0,2
Markelle,1,0,1
Markese,1,0,1
Markis,1,0,1
Markkanen,0,1,1
Markquis,1,0,1
Markus,1,0,1
Marlon,1,0,4
Marquell,1,0,1
Marques,1,0,2
Marquese,1,0,1
Marquetti,0,1,1
Marquez,1,0,1
Marquis,1,0,1
Marquise,1,0,3
Marqywell,1,0,1
Marshall,0,1,3
Marshawn,1,0,1
Martin,0,1,11
Martin,1,0,1
Martinez,0,1,2
Martins,1,0,1
Martynas,1,0,1
Marvin,1,0,5
Mashburn,0,1,1
Maslennikov,0,1,1
Mason,0,1,3
Mason,1,0,5
Massenburg,0,1,1
Massoud,0,1,1
Maston,0,1,1
Matasovic,0,1,1
Mate,1,0,1
Maten,0,1,1
Mathews,0,1,1
Mathias,0,1,1
Mathis,0,1,2
Matisse,1,0,1
Matos,0,1,1
Matt,1,0,20
Matthew,1,0,11
Matthews,0,1,5
Matthias,1,0,1
Matthue,1,0,1
Mattia,1,0,1
Matur,1,0,1
Matz,1,0,1
Maurice,0,1,1
Maurice,1,0,4
Maverick,1,0,1
Mavin,1,0,1
Mawien,0,1,1
Max,1,0,5
Maxey,0,1,1
Maxwell,0,1,2
Maxwell,1,0,2
Mayan,1,0,1
Maye,0,1,2
Mayen,0,1,1
Mayer,0,1,1
Mayimba,0,1,1
Mayle,0,1,1
Mays,0,1,1
Mazzulla,0,1,1
Mbacke Diong,0,1,1
Mballa,0,1,1
McAllister,0,1,1
McBrayer,0,1,1
McBride,0,1,3
McCabe,0,1,1
McCaffery,0,1,2
McCall,0,1,1
McCarthy,0,1,1
Mccaskill,0,1,1
McCaw,0,1,1
Mcchesney,0,1,1
McCloud,0,1,2
McClung,0,1,1
McClure,0,1,1
McConnell,0,1,1
McCorkle,0,1,1
McCormack,0,1,1
McCormick,0,1,1
McCoy,0,1,1
McCreary,0,1,1
McCullar,0,1,1
McCullough,0,1,2
McDaniels,0,1,2
McDermott,0,1,1
McDowell,0,1,1
McDuffie,0,1,1
McElvene,0,1,1
McEwen,0,1,1
McFarlane,0,1,1
McGary,0,1,1
McGee,0,1,1
McGhee,0,1,2
McGlynn,0,1,1
McGowens,0,1,2
McGriff,0,1,2
McGuirl,0,1,1
McGusty,0,1,1
McIntosh,0,1,1
McKinley,0,1,1
McKinley,1,0,1
McKinney,0,1,1
McKinzie,0,1,1
McKnight,0,1,1
McKoy,0,1,1
McLane,0,1,1
McLaughlin,0,1,2
McLean,0,1,1
McLemore,0,1,1
McLeod,0,1,1
McMahon,0,1,1
McMiller,0,1,1
McMurray,0,1,2
McNeace,0,1,1
McNeal,0,1,1
McNeill,0,1,1
McNeilly,0,1,1
McQuaid,0,1,1
McRae,0,1,1
McSpadden,0,1,1
McVeigh,0,1,1
Meah,0,1,1
Mehkel,1,0,1
Mekhi,1,0,1
Melo,1,0,2
Melson,0,1,1
Melton,0,1,1
Melvin,1,0,2
Mency,0,1,1
Mensah,0,1,2
Mercer,0,1,1
Mercurius,0,1,1
Meredith,0,1,1
Merrill,0,1,1
Messiah,1,0,1
Methnani,0,1,1
Metu,0,1,1
Meyer,0,1,1
Mfiondu,1,0,1
Micah,1,0,4
Michael,1,0,21
Michal,1,0,1
Mickey,1,0,1
Miguel,0,1,1
Mijakowski,0,1,1
Mika,1,0,1
Mikael,1,0,1
Mikal,1,0,2
Mike,1,0,15
Mikeal,1,0,1
Mikesell,0,1,1
Milan,1,0,1
Miles,0,1,4
Miles,1,0,7
Milik,1,0,1
Miller,0,1,11
Miller,1,0,1
Mills,0,1,2
Milon,0,1,1
Milstead,0,1,1
Milton,0,1,1
Milton,1,0,1
Mims,0,1,1
Minaya,0,1,1
Mintz,0,1,1
Missa,0,1,1
Mitch,1,0,4
Mitchell,0,1,18
Mitchell,1,0,7
Mo,1,0,1
Mobley,0,1,3
Moemeka,0,1,1
Mohamed,1,0,2
Mohammed,1,0,1
Molinar,0,1,1
Monk,0,1,1
Monroe,0,1,3
Monsanto,0,1,1
Montana,0,1,1
Montaque,1,0,1
Montavious,1,0,1
Montez,1,0,1
Montgomery,0,1,3
Montreal,1,0,1
Monty,1,0,1
Moody,0,1,1
Mooney,0,1,1
Moore,0,1,19
Moorman,0,1,1
Morency,0,1,1
Moreno,0,1,1
Moretti,0,1,1
Morgan,0,1,5
Moritz,1,0,1
Morris,0,1,2
Morris,1,0,1
Morrow,0,1,1
Morsell,0,1,2
Morton,0,1,1
Mory,1,0,1
Mosely,0,1,2
Moses,0,1,1
Moses,1,0,3
Mosley,0,1,2
Moss,0,1,2
Mostafa,0,1,1
Mostella,0,1,1
Moulaye,1,0,1
Moultrie,0,1,1
Moungoro,0,1,1
Mourning,0,1,1
Moustapha,1,0,1
Moyer,0,1,1
Much,0,1,1
Mucius,0,1,1
Mudiay,0,1,1
Muhammad,0,1,2
Muhammad,1,0,1
Mulcahy,0,1,1
Mullins,0,1,1
Mulloy,0,1,1
Munis,1,0,1
Murphy,0,1,8
Murray,0,1,3
Murrell,0,1,1
Murshid,1,0,1
Musa,1,0,1
Mussini,0,1,1
Mustapha,1,0,1
Mutts,0,1,1
Myers,0,1,1
Mykhailiuk,0,1,1
Myles,0,1,1
Myles,1,0,11
Mylik,1,0,1
Myreon,1,0,1
Myron,1,0,1
N'Faly,1,0,1
Nagle,0,1,1
Nah'shon,1,0,1
Naheem,1,0,1
Nahziah,1,0,1
Nai,1,0,1
Nairn,0,1,1
Naji,1,0,1
Najja,1,0,1
Nakye,1,0,1
Namon,1,0,1
Nana,1,0,1
Nance,0,1,1
Narain,0,1,1
Naseem,1,0,2
Nash,0,1,1
Nassir,1,0,1
Nate,1,0,13
Nathan,1,0,5
Naughton,0,1,1
Navigato,0,1,1
Naz,1,0,1
Nazeer,1,0,1
Ndahiro,0,1,1
Ndiaye,0,1,2
Ndim,0,1,1
Ndir,0,1,1
Ndugba,0,1,1
Ndur,0,1,1
Neal,0,1,1
Neath,0,1,1
Neely,0,1,1
Neese,0,1,1
Neftali,1,0,1
Negron,0,1,1
Nelly,1,0,1
Nelson,0,1,4
Nelson,1,0,2
Nembhard,0,1,2
Nesmith,0,1,1
Neufeld,0,1,1
New,1,0,1
Newkirk,0,1,2
Newman,0,1,3
Newton,0,1,4
Ngumezi,0,1,1
Nic,1,0,1
Nicholas,0,1,1
Nichols,0,1,2
Nicholson,0,1,1
Nick,1,0,19
Nickeil,1,0,1
Nickelberry,0,1,2
Nickels,0,1,1
Nickens,0,1,1
Nico,1,0,3
Nicolas,1,0,1
Niels,1,0,1
Nigel,1,0,4
Nijel,1,0,1
Nik,1,0,1
Nikko,0,1,1
Nikola,1,0,2
Nimari,1,0,1
Niven,1,0,1
Nix,0,1,1
Nixon,0,1,2
Njie,0,1,1
Nkamhoua,0,1,1
Nnaji,0,1,1
Nnamdi,1,0,1
Noah,1,0,12
Nobal,1,0,1
Noel,1,0,1
Noi,0,1,1
Nojel,1,0,1
Nolan,0,1,2
Nolan,1,0,1
Nolley,0,1,1
Norance,1,0,1
Norbertas,1,0,1
Norense,1,0,1
Norman,0,1,1
Norris,0,1,2
Norton,0,1,1
Norvell,0,1,1
Noskowiak,0,1,1
Novogratz,0,1,1
Nowell,0,1,2
Nsoseme,0,1,1
Nudo,0,1,1
Nunez,0,1,1
Nunge,0,1,1
Nurger,0,1,1
Nutall,0,1,1
Nwankwo,0,1,1
Nwokeji,0,1,1
Nwora,0,1,1
Nwuba,0,1,1
Nych,1,0,1
NyRhique,1,0,1
Nysier,1,0,1
Nzei,0,1,1
O'Bannon,0,1,1
O'Connell,0,1,2
O'Mara,0,1,1
O'Neal,0,1,1
O'Neil,0,1,1
Obediah,1,0,1
Obi,1,0,1
Obiagu,0,1,1
Obinna,0,1,1
Ochai,1,0,1
Ochefu,0,1,1
Ochieng,0,1,1
Octavius,1,0,1
Odhiambo,0,1,1
Odiase,0,1,2
Odom,0,1,1
Odomes,0,1,1
Oduro,0,1,1
Ody,1,0,1
Offurum,0,1,1
Ofoegbu,0,1,1
OG,1,0,1
Ogbeide,0,1,1
Ogbonda,0,1,1
Oguama,0,1,1
Ogugua,1,0,1
Ogundele,0,1,1
Ogwuche,0,1,1
Ohams,0,1,1
Ohmer,0,1,1
Okafor,0,1,2
Okauru,0,1,1
Okeke,0,1,2
Okogie,0,1,1
Okongwu,0,1,2
Okonoboh,0,1,1
Okoro,0,1,2
Okoroh,0,1,1
Okpala,0,1,1
Okpoh,0,1,1
Okros,0,1,1
Olesinski,0,1,1
Oliva,0,1,1
Olivari,0,1,1
Oliver,0,1,4
Oliver,1,0,1
Olivier,1,0,2
Olojakpoke,0,1,1
Olsen,0,1,1
Omar,1,0,4
Omari,1,0,1
Omega,1,0,1
Omer,1,0,1
Omersa,0,1,1
Omoregie,0,1,1
Omoruyi,0,1,1
Ondigo,0,1,1
Ongenda,0,1,1
Onuaku,0,1,1
Onyeka,1,0,1
Onyx,1,0,1
Ore,1,0,1
Orlando,1,0,1
Orlina,0,1,1
Osabuohien,0,1,1
Osahen,1,0,1
Oscar,1,0,4
Oshae,1,0,1
Oton,1,0,1
Ottey,0,1,1
Oturu,0,1,1
Oubre,0,1,1
Oumar,1,0,3
Ousmane,1,0,1
Owen,1,0,1
Owens,0,1,4
P.J.,1,0,3
Paar,0,1,1
Pack,0,1,1
Painter,0,1,1
Palermo,0,1,1
Palmer,0,1,1
Palmero,0,1,1
Papa,1,0,1
Papagiannis,0,1,1
Paras,0,1,1
Pardon,0,1,1
Paris,1,0,1
Parker,0,1,2
Parker,1,0,4
Parks,0,1,1
Parquet,0,1,1
Parrish,0,1,2
Parrish,1,0,1
Paschal,1,0,1
Paschall,0,1,1
Pascoe,0,1,1
Paster,0,1,1
Pat,1,0,1
Patrick,1,0,3
Patterson,0,1,6
Patton,0,1,1
Pauga,0,1,1
Paul,1,0,8
Pavel,1,0,1
Paxson,1,0,1
Payne,0,1,1
Payten,1,0,1
Payton,0,1,3
Payton,1,0,4
Peace,1,0,1
Peak,0,1,1
Pearre,0,1,1
Pearson,0,1,1
Peavy,0,1,1
Pember,0,1,1
Pemberton,0,1,1
Pemsl,0,1,1
Pena,0,1,1
Penn,0,1,1
Pepple,0,1,1
Percy,0,1,1
Perez,0,1,1
Perkins,0,1,2
Perry,0,1,4
Perry,1,0,3
Pete,1,0,1
Peter,1,0,2
Peters,0,1,2
Peterson,0,1,1
Petrusev,0,1,1
Pettway,0,1,1
Petty,0,1,1
Peyton,1,0,3
Pfaffenberger,0,1,1
Pflueger,0,1,1
Phil,1,0,2
Philip,1,0,1
Phillip,1,0,2
Phillips,0,1,5
Philmon,1,0,1
Phinisee,0,1,1
Phiri,0,1,1
Pickens,0,1,1
Pickett,0,1,2
Pickron,0,1,1
Pierce,0,1,3
Pierfrancesco,1,0,1
Pierre,0,1,2
Pierre,1,0,1
Pile,0,1,1
Pinckney,0,1,2
Pinkney,0,1,1
Pinson,0,1,2
Piper,0,1,1
Pipkins,0,1,1
Pippen,0,1,1
PJ,1,0,5
Plaisance,0,1,1
Planutis,0,1,1
Platek,0,1,1
Plavsic,0,1,1
Plummer,0,1,1
Poindexter,0,1,1
Pointer,0,1,1
Polanco,0,1,1
Policelli,0,1,1
Polite,0,1,2
Polk,0,1,1
Polla,0,1,1
Pollard,0,1,2
Polley,0,1,1
Ponds,0,1,1
Pons,0,1,1
Poole,0,1,1
Poor Bear Chandler,0,1,1
Pope,0,1,2
Popoola,0,1,1
Popovic,0,1,1
Porter,0,1,4
Posh,1,0,1
Potter,0,1,2
Powell,0,1,4
Poyser,0,1,1
Precious,1,0,2
Prentiss,1,0,2
Preston,0,1,2
Preston,1,0,2
Prevost,0,1,1
Price,0,1,2
Pridgett,0,1,1
Priller,0,1,1
Prince,1,0,1
Pritchard,0,1,1
Pritzl,0,1,1
Proctor,0,1,1
Prophete,0,1,1
Pryor,0,1,1
Pugh,0,1,1
Purchase,0,1,1
Purifoy,0,1,1
Puryear,0,1,1
Pusica,0,1,1
Qon,1,0,1
Quade,1,0,1
Quadree,1,0,1
Quadri,1,0,1
Quan,1,0,1
Quate,1,0,1
Qudus,1,0,1
Quentin,1,0,4
Quevian,1,0,1
Quickley,0,1,1
Quincy,1,0,3
Quinerly,0,1,1
Quinn,0,1,1
Quinn,1,0,2
Quinndary,1,0,1
Quinones,0,1,1
Quinton,1,0,1
Quisenberry,0,1,1
Qwanzi,1,0,1
Qyemah,1,0,1
R.J.,1,0,4
Ra,1,0,1
Raasean,1,0,1
Rabb,0,1,1
Race,1,0,1
Raejon,1,0,1
Raekwon,1,0,1
RaeQuan,1,0,1
Rafus,0,1,1
Rahsane,1,0,1
RaiQuan,1,0,1
Rakim,1,0,1
Rakocevic,0,1,2
Rakym,1,0,1
Ramey,0,1,1
Ramsey,0,1,4
Randall,0,1,1
Randall,1,0,1
Randle,0,1,1
Randolph,0,1,1
Randy,1,0,1
Rapolas,1,0,1
Raquan,1,0,2
Rashaan,1,0,1
Rashad,1,0,1
Rashard,1,0,3
Rashaun,1,0,1
Rasheed,0,1,1
Rasheed,1,0,1
Rashond,1,0,1
Rashun,1,0,1
Rasir,1,0,1
Rathan,0,1,1
Rauno,1,0,1
Ravenel,0,1,1
Ravet,0,1,1
Rawle,1,0,1
Rawls,0,1,1
Rawson,0,1,1
Ray,0,1,2
Ray,1,0,3
Rayjon,1,0,1
Raymond,1,0,3
Raysean,1,0,1
Rayshaun,1,0,1
Reaves,0,1,1
Reddish,0,1,1
Redman,0,1,1
Reece,0,1,1
Reece,1,0,1
Reed,0,1,2
Reed,1,0,2
Reese,0,1,1
Reeves,0,1,1
Reggie,1,0,7
Reichle,0,1,1
Reid,0,1,3
Reid,1,0,1
Relvao,0,1,1
Remy,1,0,1
Renard,1,0,1
Reuter,0,1,1
Reuvers,0,1,1
Rex,1,0,1
Reynolds,0,1,2
Reynoso,0,1,1
Rhoden,0,1,1
Riak,0,1,1
Richard,1,0,6
Richards,0,1,2
Richardson,0,1,4
Richey,0,1,1
Richie,1,0,1
Richmond,0,1,1
Rickey,1,0,1
Ricks,0,1,1
Ricky,1,0,4
Ridder,0,1,1
Riddle,0,1,1
Riek,0,1,1
Riggins,0,1,2
Riley,0,1,2
Riley,1,0,4
Riller,0,1,1
Rip,1,0,1
Rishwain,0,1,1
Ristic,0,1,1
Rivera,0,1,1
Rivers,0,1,3
RJ,1,0,2
Roach,0,1,2
Rob,1,0,1
Robbie,1,0,2
Robby,1,0,3
Roberson,0,1,1
Robert,1,0,11
Robertin,0,1,1
Roberto,1,0,1
Roberts,0,1,7
Roberts,1,0,1
Robertson,0,1,1
Robin,1,0,1
Robinson,0,1,16
Robinson,1,0,1
Robotham,0,1,1
Roby,0,1,2
Robyn,1,0,1
Rocket,1,0,1
Roddy,0,1,1
Rode,0,1,1
Roderick,0,1,1
Roderick,1,0,3
Rodgerick,1,0,1
Rodney,1,0,3
Rodrick,1,0,1
Rodriguez,0,1,3
Roger,1,0,1
Rogers,0,1,3
Rojaye,1,0,1
Rokas,1,0,1
Roland,0,1,1
Roland,1,0,1
Roman,1,0,2
Romelle,1,0,1
Romello,1,0,1
Romelo,1,0,1
Romeo,1,0,3
Romine,0,1,1
Ronald,1,0,1
Ronaldo,1,0,1
Rondale,1,0,1
Rondel,1,0,1
Rongie,1,0,1
Ronnie,1,0,4
Ronshad,1,0,1
Roosevelt,1,0,1
Rorie,0,1,1
Rosa,0,1,1
Rose,0,1,2
Rosel,1,0,1
Ross,0,1,2
Ross,1,0,1
Rotarius,1,0,1
Rotroff,0,1,1
Rowan,0,1,1
Rowe,0,1,1
Royce,1,0,1
Ruai,0,1,1
Ruben,1,0,1
Rucker,0,1,1
Ruddell,0,1,1
Rui,1,0,1
Russel,1,0,1
Russell,0,1,5
Russell,1,0,1
Rutherford,0,1,1
Ruzhentsev,0,1,1
Ryan,0,1,3
Ryan,1,0,15
Rylan,1,0,1
Saben,1,0,1
Sabonis,0,1,1
Sacar,1,0,1
Sacha,1,0,1
Saddiq,1,0,1
Safieddine,0,1,1
Sagaba,1,0,1
Sagay,0,1,1
Sahvir,1,0,1
Sajon,1,0,1
Sakota,0,1,1
Salazar,0,1,1
Salecich,0,1,1
Salley,0,1,1
Salnave,0,1,1
Salt,0,1,1
Sam,1,0,11
Sama'Zha,1,0,1
Samari,1,0,1
Samba,1,0,2
Samir,1,0,2
Sammy,1,0,2
Samore,0,1,1
Sampson,0,1,1
Samson,1,0,3
Samuel,0,1,2
Samuel,1,0,1
Samuell,1,0,1
Samuels,0,1,3
Samuta,1,0,1
San Antonio,0,1,1
Sanders,0,1,4
Sandifer,0,1,1
Sandro,1,0,1
Sandy,1,0,1
Sanks,0,1,1
Sanogo,0,1,1
Santos,0,1,3
Saquan,1,0,1
Sargiunas,0,1,1
Sarr,0,1,1
Sasha,1,0,1
Sasser,0,1,1
Satchel,1,0,1
Satterwhite,0,1,1
Saul,1,0,1
Saunders,0,1,3
Savion,1,0,1
Savior,1,0,1
Savonte,1,0,1
Savoy,0,1,1
Saxen,0,1,1
Sayeed,1,0,1
Schakel,0,1,1
Schlatter,0,1,1
Schlundt,0,1,1
Schneider,0,1,1
Schnider,1,0,1
Schofield,0,1,1
Schwartz,0,1,2
Scissum,0,1,1
Scooter,1,0,1
Scott,0,1,9
Scott,1,0,3
Scottie,1,0,2
Scotty,1,0,1
Scroggins,0,1,1
Scruggs,0,1,1
Seabron,0,1,1
Sean,1,0,7
Sears,0,1,1
Sebastian,1,0,1
Sebree,0,1,1
Sedee,1,0,1
Sedrick,1,0,2
Seeley,0,1,1
Segu,0,1,1
Sehic,0,1,1
Seibring,0,1,1
Seiko,0,1,1
Seljaas,0,1,1
Sellers,0,1,1
Selton,1,0,1
Selwyn,1,0,1
Seraille,0,1,1
Serrel,1,0,1
Session,0,1,1
Seth,1,0,5
Seventh,1,0,1
Sexton,0,1,1
Seymour,0,1,1
Shabazz,0,1,1
Shackelford,0,1,1
Shadd,0,1,1
Shae,1,0,1
Shai,1,0,1
Shake,1,0,1
Shamet,0,1,1
Shamiek,1,0,1
Shamiel,1,0,1
Shamorie,1,0,1
Shandon,1,0,1
Shane,1,0,1
Shannon,0,1,1
Shaq,1,0,1
Shaqquan,1,0,1
Shaquille,1,0,1
Shareef,1,0,1
Sharife,1,0,1
Sharkey,0,1,1
Sharma,0,1,1
Sharone,1,0,1
Sharpe,0,1,1
Shaun,1,0,2
Shavar,1,0,1
Shaver,0,1,1
Shawn,1,0,2
Shawntrez,1,0,1
Shayok,0,1,1
Shead,0,1,1
Shedrick,0,1,1
Sheffield,0,1,1
Shelton,0,1,1
Shelton,1,0,1
Shemar,1,0,1
Shembari,1,0,1
Shengzhe,1,0,1
Shep,1,0,1
Shephard,0,1,1
Shepherd,0,1,1
Sheppard,0,1,2
Shereef,1,0,1
Sherfield,0,1,1
Sherif,1,0,1
Sherman,0,1,1
Sherod,0,1,1
Shibel,0,1,1
Shields,0,1,1
Shittu,0,1,1
Shizz,1,0,1
Shon,1,0,2
Shouse,0,1,1
Show,0,1,1
Shreiner,0,1,2
Shuler,0,1,2
Sibley,0,1,1
Sidibe,0,1,1
Sidney,1,0,1
Sidy,1,0,1
Siewert,0,1,1
Silas,1,0,3
Sills,0,1,1
Silpe,0,1,1
Silva,0,1,1
Silvio,1,0,1
Sima,0,1,1
Simeon,1,0,1
Simisola,1,0,1
Simmons,0,1,4
Simms,0,1,1
Simon,0,1,1
Simonds,0,1,1
Simons,0,1,1
Simplis,0,1,1
Simpson,0,1,1
Sims,0,1,3
Sincere,1,0,1
Singh,0,1,1
Singleton,0,1,2
Sissoko,0,1,3
Sistare,0,1,1
Sjolund,0,1,1
Skal,1,0,1
Skelly,0,1,1
Skogman,0,1,1
Skylar,1,0,1
Skyler,1,0,1
Slajchert,0,1,1
Slater,0,1,2
Slazinski,0,1,1
Sloan,0,1,1
Small,0,1,1
Smart,0,1,2
Smith,0,1,30
Smith IV,0,1,1
Smits,0,1,1
Sneed,0,1,1
Snider,0,1,1
Sobaski,0,1,1
Soffer,0,1,1
Solarin,0,1,1
Solomon,0,1,1
Solomon,1,0,3
Soriano,0,1,1
Sorn,0,1,1
Souley,1,0,1
Souleymane,1,0,2
Sow,0,1,1
Spalding,0,1,1
Sparks,0,1,1
Speidel,0,1,1
Spellman,0,1,1
Spencer,0,1,2
Spencer,1,0,1
Springer,0,1,1
Springs,0,1,1
St. Pierre,0,1,1
Stair,0,1,1
Staley,0,1,1
Stall,0,1,1
Stamps,0,1,1
Stanback,0,1,1
Stanley,0,1,1
Stanley,1,0,1
Starks,0,1,1
Stattmann,0,1,1
Steere,0,1,1
Stefanovic,0,1,1
Steffon,1,0,1
Stefon,1,0,1
Stephen,1,0,2
Sterling,1,0,2
Steve,1,0,2
Steven,1,0,2
Stevens,0,1,3
Stevenson,0,1,3
Steward,0,1,2
Stewart,0,1,5
Still,0,1,1
Stipanovich,0,1,1
Stith,0,1,1
Stitt,0,1,1
Stockard,0,1,1
Stockman,0,1,1
Stokes,0,1,2
Stone,0,1,1
Strawther,0,1,1
Strickland,0,1,3
Stroman,0,1,1
Stroud,0,1,1
Strugg,0,1,1
Stull,0,1,1
Sturdivant,0,1,1
Stute,0,1,1
Sueing,0,1,1
Suggs,0,1,4
Sullivan,0,1,1
Sumner,0,1,1
Sunday,1,0,1
Sutton,0,1,1
Sviatoslav,1,0,1
Swan,0,1,1
Swanigan,0,1,1
Swider,0,1,1
Swift,0,1,1
Swilling,0,1,1
Swingle,0,1,1
Sy,0,1,1
Sydney,1,0,1
Sylvain,1,0,1
Sylvester,1,0,1
Symir,1,0,1
Szmidt,0,1,1
T.J.,1,0,6
Taban,0,1,1
Tabbs,0,1,1
Tabor,0,1,1
Tacko,1,0,1
Tadric,1,0,1
Taelin,1,0,1
Taelon,1,0,1
Taeshon,1,0,1
Tahj,1,0,1
Tahjai,1,0,1
Tai,1,0,3
Taishaun,1,0,1
Taitz,0,1,1
Talen,1,0,1
Talley,0,1,1
Tamell,1,0,1
Tandy,0,1,1
Taplin,0,1,1
Tari,1,0,1
Tarin,1,0,1
Tariq,1,0,2
Tarkus,1,0,1
Taron,1,0,1
Taryn,1,0,1
Tass,0,1,1
Tate,0,1,3
Tatum,0,1,1
Taurean,1,0,1
Taurus,1,0,1
Taveion,1,0,1
Tavian,1,0,1
Tavin,1,0,1
Tavon,1,0,1
Tavvon,1,0,1
Taylor,0,1,6
Taylor,1,0,3
Tchewa,0,1,1
Te'Jon,1,0,1
Teague,0,1,2
Ted,1,0,1
Teddy,1,0,2
Tegra,1,0,1
Tejada,0,1,1
TeMarcus,1,0,1
Temple,0,1,1
Terance,1,0,1
Terence,1,0,1
Terrance,1,0,2
Terrell,0,1,2
Terrell,1,0,7
Terren,1,0,1
Terrence,1,0,4
Terry,0,1,4
Terry,1,0,4
Terryonte,1,0,1
Tertsea,0,1,1
Tervell,1,0,1
Teshaun,1,0,1
Teske,0,1,1
Teson,0,1,1
Tevian,1,0,1
Tevin,1,0,2
Tez,1,0,1
Thamba,0,1,1
Tharp,0,1,1
Thatch,0,1,1
Theisen,0,1,2
Theo,1,0,2
Therence,1,0,1
Therrell,1,0,1
Therren,1,0,2
Thiam,0,1,1
Thielemans,0,1,1
Thieneman,0,1,1
Thioune,0,1,1
Thistlewood,0,1,1
Thomas,0,1,18
Thomas,1,0,5
Thompson,0,1,1
Thon,1,0,1
Thornhill,0,1,1
Thornton,0,1,1
Thorpe,0,1,1
Thybulle,0,1,1
Tibet,1,0,1
Tillie,0,1,1
Tillman,0,1,3
Tilmon,0,1,1
Tim,1,0,6
Timberlake,0,1,1
Timme,0,1,1
Timmins,0,1,1
Timmy,1,0,1
Timothy,1,0,1
Tinkle,0,1,1
TJ,1,0,5
Toatley,0,1,1
Tobias,1,0,1
Toby,1,0,1
Todd,0,1,4
Toles,0,1,1
Tolu,1,0,1
Tom,1,0,2
Tomas,1,0,2
Tommy,1,0,4
Toney,0,1,1
Tony,1,0,7
Tookie,1,0,1
Toolson,0,1,1
Toppin,0,1,1
Torin,1,0,2
Toro,0,1,1
Torrence,0,1,1
Torrence,1,0,1
Tory,1,0,2
Tosh,1,0,1
Toumani,1,0,1
Touray,0,1,1
Toure,0,1,1
Toussaint,0,1,1
Townes,0,1,1
Towns,0,1,2
Toye,0,1,1
Tra,1,0,1
Trace,1,0,2
Tracey,0,1,1
Tracey,1,0,1
Traci,1,0,1
Tracy,1,0,1
Trae,1,0,3
Tramaine,1,0,1
Tramon,1,0,1
Trapp,0,1,2
Travis,0,1,2
Travis,1,0,2
Travon,1,0,1
Tray,1,0,1
Trayce,1,0,1
Traylor,0,1,1
Trayvon,1,0,1
Tre,1,0,12
Tremaine,1,0,1
Tremont,1,0,1
Trendon,1,0,1
Trent,0,1,1
Trent,1,0,3
Tres,1,0,1
Tretout,0,1,1
Trevin,1,0,1
Trevion,1,0,1
Trevon,1,0,4
Trevor,1,0,4
Trey,1,0,19
Trey'von,1,0,1
Tribble,0,1,1
Trice,0,1,1
Trier,0,1,1
Trimble,0,1,2
Tripp,0,1,1
Tristan,1,0,4
Troutt,0,1,1
Troy,1,0,3
Tshiebwe,0,1,1
Tshimanga,0,1,1
Tshisumpa,0,1,1
Tsimbila,0,1,1
Tsohonis,0,1,1
Tucker,0,1,4
Tulio,1,0,1
Turman,0,1,1
Turner,0,1,10
Tutu,0,1,1
Twombly,0,1,1
Ty,1,0,5
Tydus,1,0,1
Tye,1,0,1
Tyem,1,0,1
Tyger,1,0,1
Tyler,0,1,1
Tyler,1,0,21
Tylor,1,0,1
Tyquone,1,0,1
Tyree,0,1,1
Tyree,1,0,4
Tyreece,1,0,1
Tyreek,1,0,1
Tyrek,1,0,1
Tyreke,1,0,1
Tyrell,1,0,2
Tyrese,1,0,4
Tyrie,1,0,1
Tyrique,1,0,1
Tyrn,1,0,1
Tyron,1,0,1
Tyrone,1,0,1
Tyshon,1,0,1
Tyson,0,1,3
Tyson,1,0,7
Tyus,1,0,2
Udeze,0,1,1
Udoka,1,0,1
Ugboh,0,1,1
Uhl,0,1,1
Ulis,0,1,2
Umoffia,0,1,1
Unique,1,0,1
Uros,1,0,1
Ursery,0,1,1
Usher,0,1,1
Uyaelunmo,0,1,2
V.J.,1,0,1
Valdir,1,0,1
Valtonen,0,1,1
Van,0,1,1
Van Komen,0,1,1
Van Leer,0,1,1
Van Ry,0,1,1
Vance,1,0,1
Vanderbilt,0,1,1
Vanleer,0,1,1
Vanover,0,1,1
Vasilije,1,0,1
Vasiljevic,0,1,1
Vassar,0,1,2
Vassell,0,1,1
Vaughn,0,1,2
Vaughn,1,0,1
Verbinskis,0,1,1
Verge,0,1,1
Verhoeven,0,1,1
Vernon,1,0,1
Vic,1,0,1
Vick,0,1,1
Victor,0,1,1
Victor,1,0,5
Vijay,1,0,1
Vila,0,1,1
Vilmar,0,1,1
Vin,1,0,1
Vincent,1,0,4
Vital,0,1,2
Vitaliy,1,0,1
Vittorio,1,0,1
Vogt,0,1,1
Vonhandorf,0,1,1
Vrankic,0,1,1
Vrankovic,0,1,1
Waardenburg,0,1,1
Wabissa,1,0,1
Wacker,0,1,1
Wade,0,1,4
Wade,1,0,1
Wagner,0,1,2
Wahab,0,1,1
Wahl,0,1,1
Walker,0,1,21
Walker,1,0,2
Wallace,0,1,1
Walter,0,1,1
Walter,1,0,4
Walton,0,1,4
Wampler,0,1,1
Wang,0,1,1
Ward,0,1,2
Ware,0,1,3
Warfield,0,1,1
Warnock,0,1,1
Warren,1,0,1
Wash,0,1,1
Washington,0,1,11
Wassef,1,0,1
Watanabe,0,1,1
Waterman,0,1,1
Waters,0,1,2
Watford,0,1,1
Watkins,0,1,2
Watson,0,1,10
Watts,0,1,1
Wayde,1,0,1
Wayne,1,0,1
Weatherford,0,1,1
Weatherspoon,0,1,2
Weaver,0,1,1
Webb,0,1,2
Webster,0,1,2
Weems,0,1,1
Weisner,1,0,1
Welage,0,1,1
Welch,0,1,2
Welmer,0,1,1
Welsh,0,1,2
Wendell,1,0,4
Wenyen,1,0,1
Wertner,0,1,1
Wertz,0,1,1
Wes,1,0,1
Wesley,1,0,1
Wesson,0,1,2
Westbrook,0,1,2
Whatley,0,1,1
Wheeler,0,1,3
White,0,1,10
Whitehead,0,1,1
Whiteside,0,1,1
Whitley,0,1,1
Whitney,0,1,1
Whitt,0,1,1
Whyte,0,1,1
Wideman,0,1,2
Wieskamp,0,1,1
Wiggins,0,1,1
Wigginton,0,1,1
Wilbekin,0,1,1
Wilcher,0,1,1
Wildens,1,0,1
Wiley,0,1,2
Wilkes,0,1,2
Wilkins,0,1,5
Will,1,0,3
William,0,1,1
William,1,0,4
Williams,0,1,1
Williamson,0,1,3
Willie,1,0,2
Willis,0,1,2
Wills,0,1,1
Wilmoth,0,1,1
Wilridge,0,1,1
Wilson,0,1,12
Windham,0,1,1
Wingett,0,1,1
Winslow,0,1,1
Winston,0,1,3
Wiseman,0,1,1
Withers,0,1,1
Wojcik,0,1,2
Wolfgang,1,0,1
Wong,0,1,1
Wood,0,1,5
Woodard,0,1,1
Woodbury,0,1,1
Woods,0,1,4
Woody,1,0,1
Wooten,0,1,2
Wordlow,0,1,1
Workman,0,1,1
Worku,0,1,1
Worrell,0,1,1
Wright,0,1,1
Wyatt,1,0,3
Wynn,0,1,1
Wynston,1,0,1
Wynyard,0,1,1
Xavier,1,0,11
Xavion,1,0,1
Xeyrius,1,0,1
Xzavier,1,0,1
Yahell,1,0,1
Yakwe,0,1,1
Yankuba,1,0,1
Yannick Sodom,0,1,1
Yante,1,0,1
Yap,0,1,1
Yarbrough,0,1,1
Yavari,1,0,1
Yavuz,1,0,1
Yess,0,1,1
Yetna,0,1,1
Yoeli,1,0,1
Yor,1,0,1
Young,0,1,9
Youngman,0,1,1
Yuri,1,0,1
Yurtseven,0,1,1
Yuta,1,0,1
Yves,1,0,1
Zabo,0,1,1
Zac,1,0,2
Zach,1,0,22
Zachery,0,1,1
Zack,1,0,1
Zakharov,0,1,1
Zane,1,0,1
Zaqwaun,1,0,1
Zarzuela,0,1,1
Zavier,1,0,1
Zdor,0,1,1
Zeb,1,0,1
Zed,1,0,1
Zegarowski,0,1,3
Zeke,1,0,1
Zemgulis,0,1,1
Zhaire,1,0,1
Zhang,0,1,1
Ziaire,1,0,1
Zignorski,0,1,1
Zimife,1,0,1
Zimmerman,0,1,1
Zion,1,0,4
Zona,0,1,1
Zoriks,0,1,1
Zylan,1,0,1