CityName,StateName,Count,
Saint Louis,MO,197,
Fork Union,VA,139,
Spring,TX,103,
Valencia,CA,86,
Opa Locka,FL,84,
Ventura,CA,76,
Woodland Hills,CA,74,
New Berlin,NY,74,
Kahuku,HI,71,
Perkinston,MS,66,
Wesson,MS,65,
Kansas City,MO,63,
Olney,MD,62,
Cypress,TX,59,
Poplarville,MS,58,
Seffner,FL,57,
Scooba,MS,57,
Harbor City,CA,55,
Marrero,LA,55,
Upper Marlboro,MD,51,
Wilmington,CA,48,
Woodbridge,VA,45,
Destrehan,LA,45,
Lagrange,GA,44,
Metairie,LA,43,
West Bloomfield,MI,42,
Olive Branch,MS,42,
Senatobia,MS,42,
Ponte Vedra Beach,FL,41,
Wayne,NJ,40,
Sherman Oaks,CA,40,
Hattiesburg,MS,40,
Batesville,MS,40,
Meridian,MS,39,
Booneville,MS,39,
Hallandale,FL,38,
Ellenwood,GA,37,
The Woodlands,TX,36,
Reserve,LA,36,
Ashburn,VA,35,
Encino,CA,35,
West Hills,CA,35,
Raymond,MS,35,
Summit,MS,35,
Macon,GA,34,
Sandy,UT,34,
Mckinney,TX,33,
Gulfport,MS,33,
Moorhead,MS,33,
Van Nuys,CA,32,
Oxford,MS,32,
Madison,MS,32,
Midlothian,VA,30,
Starkville,MS,30,
Waldorf,MD,30,
Towson,MD,30,
Boutte,LA,29,
Harvey,LA,29,
Winston Salem,NC,29,
Blue Springs,MO,28,
Stafford,VA,27,
Wayne,PA,27,
Clarksdale,MS,27,
Immokalee,FL,26,
West Chester,OH,26,
Mckeesport,PA,26,
Highland Springs,VA,25,
Citra,FL,25,
Deland,FL,24,
Kapolei,HI,24,
Mission Hills,CA,23,
Amite,LA,23,
Clifton,VA,22,
Piscataway,NJ,22,
Geismar,LA,22,
Flowood,MS,22,
Germantown,MD,22,
Lees Summit,MO,22,
Eight Mile,AL,21,
Pascagoula,MS,21,
Brandon,MS,21,
Southaven,MS,21,
Decatur,MS,21,
Westlake Village,CA,20,
Chesterfield,VA,19,
Crosby,TX,19,
Sicklerville,NJ,19,
Columbus,MS,19,
Owings Mills,MD,19,
Florissant,MO,19,
Mililani,HI,19,
Spring Branch,TX,18,
Warminster,PA,18,
Laurel,MS,18,
Woodberry Forest,VA,17,
West Orange,NJ,17,
Montclair,NJ,17,
Granite Bay,CA,17,
Edgard,LA,17,
Roebuck,SC,17,
Mableton,GA,17,
Cordova,TN,17,
Fort Washington,MD,17,
Oxon Hill,MD,17,
Cheshire,CT,17,
Arlington,VA,16,
Carmichael,CA,16,
Middle Village,NY,16,
Cherry Hill,NJ,15,
Lewis Center,OH,15,
Newhall,CA,15,
Wexford,PA,15,
Mckees Rocks,PA,15,
Biloxi,MS,15,
Vicksburg,MS,15,
Potomac,MD,15,
Coeur D Alene,ID,15,
McCalla,AL,14,
Mcallen,TX,14,
Chatfield,TX,14,
Irvington,NJ,14,
Lehigh Acres,FL,14,
Canton,MI,14,
West Point,MS,14,
Brandywine,MD,14,
Kailua,HI,14,
Spring Valley,CA,13,
El Dorado Hills,CA,13,
Newbury Park,CA,13,
Belle Chasse,LA,13,
Macomb,MI,13,
Exton,PA,13,
Antioch,TN,13,
Tupelo,MS,13,
Bethesda,MD,13,
Chantilly,VA,12,
Bealeton,VA,12,
Gibsonton,FL,12,
Glen Saint Mary,FL,12,
Navarre,FL,12,
Loxahatchee,FL,12,
Hemingway,SC,12,
Waynesboro,MS,12,
Louisville,MS,12,
Horn Lake,MS,12,
Columbia,MD,12,
Saint Charles,MO,12,
Avon,CT,12,
West Roxbury,MA,12,
Stilwell,KS,12,
Theodore,AL,11,
Channelview,TX,11,
Atco,NJ,11,
Merritt Island,FL,11,
Crawfordville,FL,11,
Plumas Ntl Forest,CA,11,
Chatsworth,CA,11,
Clinton Township,MI,11,
Mcdonough,GA,11,
Ooltewah,TN,11,
Natchez,MS,11,
Bassfield,MS,11,
Saint Joseph,MO,11,
Salisbury,CT,11,
Bloomfield,CT,11,
Wailuku,HI,11,
Brantley,AL,10,
Dinwiddie,VA,10,
Nokesville,VA,10,
Middletown,NJ,10,
Riverside,NJ,10,
Spanaway,WA,10,
La Jolla,CA,10,
Greenbrae,CA,10,
Saint James,LA,10,
Clarkston,MI,10,
Boiling Springs,SC,10,
Imperial,PA,10,
Gibsonia,PA,10,
Springfield,PA,10,
Franklin,GA,10,
Lindale,GA,10,
Philadelphia,MS,10,
Greenville,MS,10,
Peculiar,MO,10,
Ballwin,MO,10,
Laveen,AZ,10,
Franklin,MA,10,
Bear,DE,10,
Hazel Green,AL,9,
Springfield,VA,9,
Mechanicsville,VA,9,
Chester,VA,9,
Burke,VA,9,
Parlin,NJ,9,
Port Charlotte,FL,9,
Cantonment,FL,9,
Palos Verdes Peninsula,CA,9,
Studio City,CA,9,
La Place,LA,9,
Piedmont,SC,9,
Fairless Hills,PA,9,
Gautier,MS,9,
Moss Point,MS,9,
Petal,MS,9,
Tunica,MS,9,
Pomfret,MD,9,
Silver Spring,MD,9,
Saint Peters,MO,9,
Windsor,CT,9,
New Canaan,CT,9,
Kailua Kona,HI,9,
Groton,MA,9,
Leroy,AL,8,
Glen Allen,VA,8,
Sterling,VA,8,
Voorhees,NJ,8,
Sparta,NJ,8,
Holmdel,NJ,8,
Riverview,FL,8,
Graham,WA,8,
Valley Center,CA,8,
Greensburg,LA,8,
Mount Ulla,NC,8,
Madison,TN,8,
LaVergne,TN,8,
Tylertown,MS,8,
Taylorsville,MS,8,
Cleveland,MS,8,
Byhalia,MS,8,
Mccomb,MS,8,
Brookhaven,MS,8,
Bay Saint Louis,MS,8,
Reisterstown,MD,8,
Damascus,MD,8,
U S A F Academy,CO,8,
Springfield,MO,8,
Liberty,MO,8,
Jefferson City,MO,8,
Woodstock,CT,8,
Greenwich,CT,8,
Westwood,MA,8,
Danvers,MA,8,
New Market,AL,7,
Moorestown,NJ,7,
Orange,NJ,7,
Blairstown,NJ,7,
Monmouth Junction,NJ,7,
Willingboro,NJ,7,
Barnegat,NJ,7,
West Helena,AR,7,
Land O Lakes,FL,7,
North Fort Myers,FL,7,
Pacific Palisades,CA,7,
Antelope,CA,7,
Port Sulphur,LA,7,
Ft Mitchell,KY,7,
Dorchester,SC,7,
Flushing,NY,7,
Evans,GA,7,
Pearl,MS,7,
Amory,MS,7,
Ocean Springs,MS,7,
Grenada,MS,7,
Ellicott City,MD,7,
Randallstown,MD,7,
Clarksville,MD,7,
Ijamsville,MD,7,
Riverside,MO,7,
Wahiawa,HI,7,
Waianae,HI,7,
Ewa Beach,HI,7,
Natick,MA,7,
Andover,MA,7,
Cottondale,AL,6,
Tanner,AL,6,
Westbrook,TX,6,
China Spring,TX,6,
Coldspring,TX,6,
Teaneck,NJ,6,
Union,NJ,6,
Williamstown,NJ,6,
Junction City,AR,6,
Valrico,FL,6,
Southwest Brevard Cnty,FL,6,
Palm Harbor,FL,6,
Canoga Park,CA,6,
Saint Amant,LA,6,
Fort Campbell,KY,6,
Redford,MI,6,
Lawndale,NC,6,
Ladys Island,SC,6,
Harmony,PA,6,
Glen Mills,PA,6,
Haverford,PA,6,
Long Island City,NY,6,
Powell,TN,6,
Meadville,MS,6,
Collins,MS,6,
Lucedale,MS,6,
Yazoo City,MS,6,
Woodville,MS,6,
Rosedale,MS,6,
Severn,MD,6,
Grandview,MO,6,
O'Fallon,MO,6,
Coronado Ntl Forest,AZ,6,
Hamden,CT,6,
West Hartford,CT,6,
Ona,WV,6,
Aiea,HI,6,
Makawao,HI,6,
Bridgton,ME,6,
Harvest,AL,5,
Notasulga,AL,5,
Ridgeway,VA,5,
Lorton,VA,5,
Church View,VA,5,
Goochland,VA,5,
Scurry,TX,5,
Huffman,TX,5,
Woodbridge,NJ,5,
Egg Harbor Township,NJ,5,
Jackson,NJ,5,
Somerset,NJ,5,
Mount Holly,NJ,5,
Cedar Grove,NJ,5,
Edison,NJ,5,
Medford,NJ,5,
Lakewood,NJ,5,
Hot Springs National Park,AR,5,
Bearden,AR,5,
Greenville,FL,5,
Defuniak Springs,FL,5,
Jensen Beach,FL,5,
Yulee,FL,5,
Leavittsburg,OH,5,
The Plains,OH,5,
Sylmar,CA,5,
Fallbrook,CA,5,
Death Valley,CA,5,
Fair Oaks,CA,5,
Hacienda Heights,CA,5,
Canyon Country,CA,5,
Mooringsport,LA,5,
Belfry,KY,5,
Dewitt,MI,5,
New London,NC,5,
Vanceboro,NC,5,
Bunn,NC,5,
Mcleansville,NC,5,
Bailey,NC,5,
Santee,SC,5,
Wallingford,PA,5,
Southampton,PA,5,
Glenside,PA,5,
Harrison City,PA,5,
Wilkes Barre,PA,5,
Tunnel Hill,GA,5,
Evensville,TN,5,
Morton,MS,5,
Monticello,MS,5,
Ackerman,MS,5,
Picayune,MS,5,
Ridgeland,MS,5,
Lake Cormorant,MS,5,
Long Beach,MS,5,
Sardis,MS,5,
Aberdeen,MS,5,
Sandy Spring,MD,5,
Gwynn Oak,MD,5,
Dekalb,IL,5,
Summit Argo,IL,5,
Mchenry,IL,5,
Harrisonville,MO,5,
Webb City,MO,5,
Kearney,MO,5,
New Madrid,MO,5,
QUEEN CREEK,AZ,5,
Clackamas,OR,5,
Watertown,CT,5,
Elkhorn,NE,5,
Marion,MA,5,
New Hampton,NH,5,
St. Catharines,ON,5,
Killen,AL,4,
Courtland,AL,4,
Plantersville,AL,4,
Buhl,AL,4,
Oakton,VA,4,
Ringgold,VA,4,
Farnham,VA,4,
Briscoe,TX,4,
Neptune,NJ,4,
Hazlet,NJ,4,
Toms River,NJ,4,
Lithia,FL,4,
Fort White,FL,4,
Lake Minneola,FL,4,
Hinckley,OH,4,
Kings Mills,OH,4,
Veradale,WA,4,
Paso Robles,CA,4,
Lakeside,CA,4,
Stevenson Ranch,CA,4,
Oak Park,CA,4,
Playa Del Rey,CA,4,
Loreauville,LA,4,
Gray,LA,4,
Raceland,LA,4,
Loranger,LA,4,
Mcalester,OK,4,
Waterford,MI,4,
La Porte,IN,4,
Saltsburg,PA,4,
Abington,PA,4,
Lewisberry,PA,4,
Drexel Hill,PA,4,
Enola,PA,4,
Natrona Heights,PA,4,
Melville,NY,4,
Jeffersonville,GA,4,
Portal,GA,4,
Kathleen,GA,4,
Coolidge,GA,4,
Lumberton,MS,4,
Kosciusko,MS,4,
Camden,MS,4,
Magee,MS,4,
Hernando,MS,4,
Caledonia,MS,4,
Hazlehurst,MS,4,
Mendenhall,MS,4,
Bay Springs,MS,4,
Forest,MS,4,
Walnut,MS,4,
Water Valley,MS,4,
Hollandale,MS,4,
De Kalb,MS,4,
Port Gibson,MS,4,
Clarksburg,MD,4,
Glen Burnie,MD,4,
Millersville,MD,4,
Lanham,MD,4,
Burtonsville,MD,4,
Eureka,MO,4,
Wentzville,MO,4,
Chesterfield,MO,4,
Independence,MO,4,
Fond Du Lac,WI,4,
B M Goldwater A F Range,AZ,4,
Southington,CT,4,
New Milford,CT,4,
Wallingford,CT,4,
Suffield,CT,4,
Kent,CT,4,
Sandy Hook,CT,4,
Hilo,HI,4,
Kapaa,HI,4,
Mccook,NE,4,
Needham,MA,4,
Dudley,MA,4,
Andale,KS,4,
Windsor,ON,4,
Wise River,MT,4,
Gurley,AL,3,
Ariton,AL,3,
Lester,AL,3,
Comfort,TX,3,
Centerville,TX,3,
New London,TX,3,
Burton,TX,3,
Rice,TX,3,
Montgomery,TX,3,
Township Of Washington,NJ,3,
Oakhurst,NJ,3,
Manahawkin,NJ,3,
Scotch Plains,NJ,3,
Pennsauken,NJ,3,
Succasunna,NJ,3,
Bridgewater,NJ,3,
Richland,NJ,3,
Colonia,NJ,3,
North Bergen,NJ,3,
Sewell,NJ,3,
Skillman,NJ,3,
Pearcy,AR,3,
Lutz,FL,3,
Thornville,OH,3,
Clarksville,OH,3,
Brush Prairie,WA,3,
San Pedro,CA,3,
Reseda,CA,3,
Shingle Springs,CA,3,
Aptos,CA,3,
Panorama City,CA,3,
Granada Hills,CA,3,
Ramona,CA,3,
Castroville,CA,3,
North Hills,CA,3,
Deridder,LA,3,
Chalmette,LA,3,
Holt,MI,3,
Overton,NV,3,
Teachey,NC,3,
Denver,NC,3,
Wagener,SC,3,
Batesburg,SC,3,
Summerton,SC,3,
Swansea,SC,3,
Seabrook,SC,3,
Berwyn,PA,3,
Hershey,PA,3,
King Of Prussia,PA,3,
Bryn Mawr,PA,3,
Wyncote,PA,3,
Milford,PA,3,
Mcdonald,PA,3,
Warrington,PA,3,
Allison Park,PA,3,
Fort Washington,PA,3,
New Windsor,NY,3,
Manorville,NY,3,
Shoreham,NY,3,
Middle Island,NY,3,
Central Valley,NY,3,
Huntington Station,NY,3,
Danielsville,GA,3,
Sharpsburg,GA,3,
Decaturville,TN,3,
Sumrall,MS,3,
Diberville,MS,3,
Okolona,MS,3,
Kiln,MS,3,
Heidelberg,MS,3,
New Augusta,MS,3,
Raleigh,MS,3,
Wiggins,MS,3,
Indianola,MS,3,
Terry,MS,3,
Purvis,MS,3,
Nettleton,MS,3,
Corinth,MS,3,
Benoit,MS,3,
Lusby,MD,3,
Gambrills,MD,3,
Bethany,MO,3,
Weston,MO,3,
Caruthersville,MO,3,
Cape Girardeau,MO,3,
Hayti,MO,3,
Ozark,MO,3,
Fenton,MO,3,
Hannibal,MO,3,
Nixa,MO,3,
Menomonie,WI,3,
Trumbull,CT,3,
Stratford,CT,3,
Westport,CT,3,
Berlin,CT,3,
Manchester,CT,3,
Kamuela,HI,3,
Braintree,MA,3,
Marshfield,MA,3,
Tecumseh,KS,3,
Exeter,NH,3,
Andover,NH,3,
Aurora,ON,3,
Leighton,AL,2,
Cecil,AL,2,
Autaugaville,AL,2,
Rockford,AL,2,
Gilbertown,AL,2,
Sweet Water,AL,2,
Maplesville,AL,2,
Wedowee,AL,2,
Prince George,VA,2,
Forest,VA,2,
Quantico,VA,2,
Reston,VA,2,
Charlotte Court House,VA,2,
Daleville,VA,2,
Spotsylvania,VA,2,
Saluda,VA,2,
Yorktown,VA,2,
Powhatan,VA,2,
Elysian Fields,TX,2,
Lone Oak,TX,2,
Winnie,TX,2,
Garrison,TX,2,
Brock,TX,2,
Van Vleck,TX,2,
New Caney,TX,2,
Hamshire,TX,2,
Rochelle Park,NJ,2,
Livingston,NJ,2,
Verona,NJ,2,
Princeton Junction,NJ,2,
Marlton,NJ,2,
Millburn,NJ,2,
Bayville,NJ,2,
Blackwood,NJ,2,
Basking Ridge,NJ,2,
Annandale,NJ,2,
Bloomfield,NJ,2,
Mahwah,NJ,2,
Hillside,NJ,2,
Cranford,NJ,2,
Randolph,NJ,2,
Mays Landing,NJ,2,
Maplewood,NJ,2,
Brick,NJ,2,
Hermitage,AR,2,
Hardy,AR,2,
Strong,AR,2,
Wilson,AR,2,
JACKSONVILLE,FL,2,
Labelle,FL,2,
Vernon,FL,2,
Hudson,FL,2,
Ruskin,FL,2,
Galloway,OH,2,
Hamler,OH,2,
Carroll,OH,2,
Vincent,OH,2,
Uniontown,OH,2,
Columbia Station,OH,2,
Mead,WA,2,
Spangle,WA,2,
Suquamish,WA,2,
Cottonwood,CA,2,
Anza,CA,2,
Rio Linda,CA,2,
Valley Village,CA,2,
Midpines,CA,2,
Mckinleyville,CA,2,
Mojave,CA,2,
Napoleonville,LA,2,
Longville,LA,2,
Columbia,LA,2,
Bourg,LA,2,
Morganza,LA,2,
Tickfaw,LA,2,
Dequincy,LA,2,
Hebron,KY,2,
Cecilia,KY,2,
Ringling,OK,2,
Highland,MI,2,
Bridgeport,MI,2,
Menominee,MI,2,
Holton,MI,2,
Okemos,MI,2,
Indian Springs,NV,2,
Minden,NV,2,
Hoffman Forest,NC,2,
Arden,NC,2,
Pikeville,NC,2,
Pfafftown,NC,2,
Cameron,NC,2,
Lake View,SC,2,
Lamar,SC,2,
Pawleys Island,SC,2,
Cordova,SC,2,
Pelion,SC,2,
Taylors,SC,2,
Little River,SC,2,
Gilbert,SC,2,
Hopkins,SC,2,
Richburg,SC,2,
Plymouth Meeting,PA,2,
Fairview,PA,2,
Newtown Square,PA,2,
Jamaica,NY,2,
Penfield,NY,2,
Locust Valley,NY,2,
Medford,NY,2,
Henrietta,NY,2,
Brookhaven,NY,2,
Islip,NY,2,
Nedrow,NY,2,
East Meadow,NY,2,
Uniondale,NY,2,
Riverhead,NY,2,
Hicksville,NY,2,
North Babylon,NY,2,
Greenville,GA,2,
Lithia Springs,GA,2,
Blairsville,GA,2,
MARIETTA,GA,2,
Carnesville,GA,2,
Mcrae,GA,2,
Saint Simons Island,GA,2,
Tiger,GA,2,
Collinwood,TN,2,
Mcminnville,TN,2,
Harrison,TN,2,
Eupora,MS,2,
Collinsville,MS,2,
Brooklyn,MS,2,
Ecru,MS,2,
Bruce,MS,2,
Shannon,MS,2,
Pelahatchie,MS,2,
Ripley,MS,2,
Utica,MS,2,
Pulaski,MS,2,
Seminary,MS,2,
Leakesville,MS,2,
Baldwyn,MS,2,
Union Bridge,MD,2,
Fort George G Meade,MD,2,
Parkton,MD,2,
Catonsville,MD,2,
Glenelg,MD,2,
Edgewood,MD,2,
Pike Ntl Forest,CO,2,
Herculaneum,MO,2,
Bolivar,MO,2,
Lamar,MO,2,
Hillsboro,MO,2,
Bonne Terre,MO,2,
Hazelwood,MO,2,
Mountain View,MO,2,
Joplin,MO,2,
Maryland Heights,MO,2,
Festus,MO,2,
Lakeside,AZ,2,
Brookfield,CT,2,
Seymour,CT,2,
Ridgefield,CT,2,
Fairfield,CT,2,
Middlebury,CT,2,
Madison,CT,2,
Glastonbury,CT,2,
Inwood,WV,2,
Kealakekua,HI,2,
Pearl City,HI,2,
Kaneohe,HI,2,
Waimea,HI,2,
Waipahu,HI,2,
Waialua,HI,2,
Buffalo Center,IA,2,
Kingston,MA,2,
Billerica,MA,2,
Wakefield,MA,2,
West Springfield,MA,2,
Duxbury,MA,2,
Dover,MA,2,
Shrewsbury,MA,2,
Millis,MA,2,
Brookline,MA,2,
Norwell,MA,2,
Holliston,MA,2,
Mansfield,MA,2,
Belmont,MA,2,
Northborough,MA,2,
Ashburnham,MA,2,
Milton,MA,2,
Byfield,MA,2,
Mattapan,MA,2,
Lynnfield,MA,2,
Grafton,MA,2,
Milford,MA,2,
Great Barrington,MA,2,
Mcpherson,KS,2,
Garden Plain,KS,2,
Camden Wyoming,DE,2,
Meriden,NH,2,
Salem,NH,2,
Worley,ID,2,
Hamilton,ON,2,
Highland Home,AL,1,
Grand Bay,AL,1,
Mckenzie,AL,1,
Goshen,AL,1,
Marbury,AL,1,
Carrollton,AL,1,
Toxey,AL,1,
Seale,AL,1,
Columbia,AL,1,
Thomaston,AL,1,
Somerville,AL,1,
Millport,AL,1,
Akron,AL,1,
Parrish,AL,1,
Alpine,AL,1,
Irvington,AL,1,
Newbern,AL,1,
Coffeeville,AL,1,
Dyke,VA,1,
Quicksburg,VA,1,
Dendron,VA,1,
Bassett,VA,1,
New Castle,VA,1,
Annandale,VA,1,
Max Meadows,VA,1,
King George,VA,1,
Gloucester,VA,1,
Stuarts Draft,VA,1,
Amelia Court House,VA,1,
Dry Fork,VA,1,
Mineral,VA,1,
New Kent,VA,1,
Cumberland,VA,1,
Crozet,VA,1,
Nathalie,VA,1,
Milford,VA,1,
Mclean,VA,1,
Cleveland,VA,1,
Buckingham,VA,1,
Aldie,VA,1,
Hot Springs,VA,1,
Omaha,TX,1,
Trenton,TX,1,
Falls City,TX,1,
Diana,TX,1,
Canutillo,TX,1,
Laneville,TX,1,
Sidney,TX,1,
Mount Enterprise,TX,1,
O'Donnell,TX,1,
Simms,TX,1,
Burkeville,TX,1,
New Deal,TX,1,
Geronimo,TX,1,
Winona,TX,1,
Mcgregor,TX,1,
Coahoma,TX,1,
Bremond,TX,1,
Boling,TX,1,
Harleton,TX,1,
Tuscola,TX,1,
ALIEF,TX,1,
Hillsborough,NJ,1,
Franklinville,NJ,1,
Old Bridge,NJ,1,
North Brunswick,NJ,1,
Highland Lakes,NJ,1,
Flanders,NJ,1,
Colts Neck,NJ,1,
Belleville,NJ,1,
Clark,NJ,1,
Mullica Hill,NJ,1,
Pompton Plains,NJ,1,
Columbus,NJ,1,
Springfield,NJ,1,
Kendall Park,NJ,1,
Cape May Court House,NJ,1,
Plainsboro,NJ,1,
Little Falls,NJ,1,
Denville,NJ,1,
Pennsville,NJ,1,
Lanoka Harbor,NJ,1,
Saint Joe,AR,1,
Aubrey,AR,1,
Mcgehee,AR,1,
Mccrory,AR,1,
Cottondale,FL,1,
Brandon,FL,1,
Babson Park,FL,1,
Lecanto,FL,1,
Weeki Wachee,FL,1,
Dover,FL,1,
ROYAL PALM BEACH,FL,1,
Bristol,FL,1,
PLANTATION,FL,1,
VENICE,FL,1,
SAINT PETERSBURG,FL,1,
MONTICELLO,FL,1,
TAMPA,FL,1,
Middleburg,FL,1,
Baker,FL,1,
Mineral City,OH,1,
Sycamore,OH,1,
Maria Stein,OH,1,
Minford,OH,1,
Mineral Ridge,OH,1,
Jeromesville,OH,1,
Sherwood,OH,1,
Monclova,OH,1,
Irondale,OH,1,
DAYTON,OH,1,
Belmont,OH,1,
Peninsula,OH,1,
Haviland,OH,1,
New Washington,OH,1,
Castalia,OH,1,
Chattaroy,WA,1,
Rockford,WA,1,
Curlew,WA,1,
Belfair,WA,1,
Silverdale,WA,1,
Adna,WA,1,
Colbert,WA,1,
Hilmar,CA,1,
Linden,CA,1,
Edwards,CA,1,
Forestville,CA,1,
Oakhurst,CA,1,
Bloomington,CA,1,
Esparto,CA,1,
Castro Valley,CA,1,
Templeton,CA,1,
Sun Valley,CA,1,
Venice,CA,1,
Soquel,CA,1,
El Dorado,CA,1,
San Lorenzo,CA,1,
La Grange,CA,1,
Northridge,CA,1,
Mt Meadows Area,CA,1,
Mariposa,CA,1,
Nipomo,CA,1,
West Tehama County,CA,1,
WESTLAKE VILLAGE,CA,1,
SACRAMENTO,CA,1,
Trabuco Canyon,CA,1,
Felton,CA,1,
Santa Ynez,CA,1,
Pacoima,CA,1,
Sutter,CA,1,
Newport Coast,CA,1,
El Sobrante,CA,1,
North Hollywood,CA,1,
Lake Arrowhead,CA,1,
Mangham,LA,1,
Galliano,LA,1,
Marion,LA,1,
Deville,LA,1,
Plain Dealing,LA,1,
Lafitte,LA,1,
BATON ROUGE,LA,1,
Lena,LA,1,
Buckner,KY,1,
New Castle,KY,1,
Hyden,KY,1,
LOUISVILLE,KY,1,
Fairdale,KY,1,
Garber,OK,1,
Whittemore,MI,1,
White Lake,MI,1,
Hemlock,MI,1,
Fair Haven,MI,1,
New Lothrop,MI,1,
Temperance,MI,1,
Richland,MI,1,
Mcbain,MI,1,
Harrison Township,MI,1,
Mendon,MI,1,
Commerce Township,MI,1,
Elsie,MI,1,
Maple City,MI,1,
Allendale,MI,1,
Byron Center,MI,1,
Delton,MI,1,
Alamo,NV,1,
Pioche,NV,1,
Cerro Gordo,NC,1,
Catawba,NC,1,
Fuquay Varina,NC,1,
Climax,NC,1,
Camp Lejeune,NC,1,
Hampstead,NC,1,
Camden,NC,1,
Deep Run,NC,1,
Dudley,NC,1,
Pinetown,NC,1,
Lincoln City,IN,1,
Roachdale,IN,1,
Ramsey,IN,1,
Royal Center,IN,1,
Lizton,IN,1,
Aynor,SC,1,
Longs,SC,1,
Neeses,SC,1,
Wallace,SC,1,
Cross,SC,1,
Greeleyville,SC,1,
South Park,PA,1,
Ardmore,PA,1,
Harborcreek,PA,1,
Elliottsburg,PA,1,
Stoneboro,PA,1,
Jefferson,PA,1,
Dingmans Ferry,PA,1,
Schellsburg,PA,1,
Spring Church,PA,1,
Lopez,PA,1,
Sarver,PA,1,
Center Valley,PA,1,
New Tripoli,PA,1,
Hookstown,PA,1,
Mountain Top,PA,1,
Armagh,PA,1,
Karns City,PA,1,
South Salem,NY,1,
Harpursville,NY,1,
Clymer,NY,1,
Ozone Park,NY,1,
Clarence,NY,1,
Plainview,NY,1,
Grand Island,NY,1,
Glen Head,NY,1,
Central Islip,NY,1,
Sauquoit,NY,1,
Seaford,NY,1,
Spencer,NY,1,
New City,NY,1,
Mount Sinai,NY,1,
Islip Terrace,NY,1,
East Northport,NY,1,
Inwood,NY,1,
Bellmore,NY,1,
Latham,NY,1,
Huntington,NY,1,
Bay Shore,NY,1,
Thornwood,NY,1,
Rockaway Park,NY,1,
Farmingville,NY,1,
Cicero,NY,1,
Queens Village,NY,1,
West Sayville,NY,1,
Elma,NY,1,
West Valley,NY,1,
Bohemia,NY,1,
Damascus,GA,1,
La Fayette,GA,1,
Winston,GA,1,
Irwinton,GA,1,
Newton,GA,1,
Warm Springs,GA,1,
Rabun Gap,GA,1,
Riceboro,GA,1,
ATLANTA,GA,1,
Scottdale,GA,1,
Whites Creek,TN,1,
Quebeck,TN,1,
Coalfield,TN,1,
Corryton,TN,1,
Coalmont,TN,1,
Huntland,TN,1,
Strawberry Plains,TN,1,
Mckenzie,TN,1,
Belzoni,MS,1,
Pass Christian,MS,1,
Calhoun City,MS,1,
Prentiss,MS,1,
Gloster,MS,1,
Maben,MS,1,
Quitman,MS,1,
Itta Bena,MS,1,
Walnut Grove,MS,1,
Stringer,MS,1,
Marks,MS,1,
Coffeeville,MS,1,
Coldwater,MS,1,
Weir,MS,1,
New Albany,MS,1,
Pontotoc,MS,1,
Mooreville,MS,1,
Benton,MS,1,
Crystal Springs,MS,1,
Florence,MS,1,
Shaw,MS,1,
Satartia,MS,1,
Foxworth,MS,1,
Bogue Chitto,MS,1,
Glen,MS,1,
Iuka,MS,1,
Mize,MS,1,
Falkner,MS,1,
Prince Frederick,MD,1,
Riverdale,MD,1,
Temple Hills,MD,1,
Essex,MD,1,
White Plains,MD,1,
Nottingham,MD,1,
Fulton,MD,1,
Elkridge,MD,1,
Owings,MD,1,
Edgewater,MD,1,
Havre De Grace,MD,1,
Marbury,MD,1,
Clinton,MD,1,
Mechanicsville,MD,1,
Severna Park,MD,1,
Beltsville,MD,1,
Dundalk,MD,1,
Pikesville,MD,1,
Clear Spring,MD,1,
Perry Hall,MD,1,
Fallston,MD,1,
Great Mills,MD,1,
Joppa,MD,1,
Peyton,CO,1,
Wiggins,CO,1,
New Raymer,CO,1,
Haxtun,CO,1,
Table Grove,IL,1,
Pleasant Plains,IL,1,
Hughesville,MO,1,
Camdenton,MO,1,
Washington,MO,1,
Lebanon,MO,1,
Moberly,MO,1,
Branson,MO,1,
Maryville,MO,1,
Smithville,MO,1,
Strafford,MO,1,
Lawson,MO,1,
Brookfield,MO,1,
Edina,MO,1,
Mexico,MO,1,
Warrenton,MO,1,
Potosi,MO,1,
Carl Junction,MO,1,
Hamilton,MO,1,
Richmond,MO,1,
Chaffee,MO,1,
Winfield,MO,1,
Aurora,MO,1,
Lewistown,MO,1,
Sullivan,MO,1,
Higginsville,MO,1,
Alma,MO,1,
Fountain City,WI,1,
Mcfarland,WI,1,
Brussels,WI,1,
Highland,WI,1,
Blackduck,MN,1,
New Germany,MN,1,
Parkers Prairie,MN,1,
Esko,MN,1,
Butte Falls,OR,1,
Bonanza,OR,1,
Elmira,OR,1,
Glendale,UT,1,
Heber City,UT,1,
MILLVILLE,UT,1,
Waterford,CT,1,
Clinton,CT,1,
East Hartland,CT,1,
Pomfret Center,CT,1,
Wethersfield,CT,1,
Lakeville,CT,1,
East Hartford,CT,1,
Coventry,CT,1,
East Lyme,CT,1,
Pawcatuck,CT,1,
Enfield,CT,1,
Ledyard,CT,1,
Darien,CT,1,
Monroe,CT,1,
Sandia Park,NM,1,
Los Alamos,NM,1,
Warner,SD,1,
Langford,SD,1,
Gilbert,WV,1,
Northfork,WV,1,
Ridgeley,WV,1,
Shenandoah Junction,WV,1,
Makaweli,HI,1,
Lahaina,HI,1,
HONOLULU,HI,1,
Kahului,HI,1,
Henderson,NE,1,
Crofton,NE,1,
Clay Center,NE,1,
Firth,NE,1,
Howells,NE,1,
Giltner,NE,1,
Trumbull,NE,1,
Allen,NE,1,
Blairsburg,IA,1,
Inwood,IA,1,
Murray,IA,1,
Maxwell,IA,1,
Alleman,IA,1,
Calmar,IA,1,
Underwood,IA,1,
Okoboji,IA,1,
Tabor,IA,1,
Walnut,IA,1,
Wellesley Hills,MA,1,
Concord,MA,1,
East Sandwich,MA,1,
North Dartmouth,MA,1,
Weston,MA,1,
Leicester,MA,1,
Walpole,MA,1,
Reading,MA,1,
Newton Center,MA,1,
South Dartmouth,MA,1,
North Attleboro,MA,1,
Arlington,MA,1,
Northfield,MA,1,
North Andover,MA,1,
Cohasset,MA,1,
Amherst,MA,1,
Southborough,MA,1,
Williamstown,MA,1,
Marblehead,MA,1,
Sudbury,MA,1,
Norwood,MA,1,
Roxbury,MA,1,
Dedham,MA,1,
Mashpee,MA,1,
South Hamilton,MA,1,
Nantucket,MA,1,
North Dighton,MA,1,
Westford,MA,1,
Bolton,MA,1,
Auburn,MA,1,
West Boylston,MA,1,
Lakeville,MA,1,
North Truro,MA,1,
North Chelmsford,MA,1,
Rutland,MA,1,
Little River,KS,1,
Riley,KS,1,
Hoyt,KS,1,
Agra,KS,1,
Howard,KS,1,
Downs,KS,1,
Quinter,KS,1,
Amherst,NH,1,
Wolfeboro,NH,1,
Tilton,NH,1,
North Conway,NH,1,
Londonderry,NH,1,
Weare,NH,1,
Arco,ID,1,
Rogerson,ID,1,
Richfield,ID,1,
Declo,ID,1,
BOISE,ID,1,
Midwest,WY,1,
Saint Marys,AK,1,
Elmendorf Afb,AK,1,
King City,ON,1,
Mississauga,ON,1,
Brantford,ON,1,
Brampton,ON,1,
Corvallis,MT,1,
Superior,MT,1,
North Scituate,RI,1,
Barrington,RI,1,
Wakefield,RI,1,
Cornish,ME,1,
Pittsfield,ME,1,
Brunswick,ME,1,
Kindred,ND,1,
Westhope,ND,1,
Anamoose,ND,1,
Saxtons River,VT,1,
Danville,VT,1,
